Ticker,Revenue_Growth_YoY,Revenue_Growth_YoY_ref_period,Revenue_Growth_YoY_fetched_date,NetProfit_Growth_QoQY,NetProfit_Growth_QoQY_ref_period,NetProfit_Growth_QoQY_fetched_date
ABM,-0.21756915540219282,2025-12-31,2026-07-22,-18.387440102762735,2026-03-31,2026-07-22
AAV,-0.07575038642676116,2025-12-31,2026-07-22,-39.40100603650739,2026-03-31,2026-07-22
A5,-0.2731577001466962,2025-12-31,2026-07-22,-139.05880368635655,2026-03-31,2026-07-22
ACE,0.016056339599137943,2025-12-31,2026-07-22,39.02626783301423,2026-03-31,2026-07-22
ADB,-0.10057387411599089,2025-12-31,2026-07-22,58.63267541973983,2026-03-31,2026-07-22
2S,0.012733772191850004,2025-12-31,2026-07-22,118.15595379833934,2026-03-31,2026-07-22
AAI,0.02201870453549502,2025-12-31,2026-07-22,-46.856913090041644,2026-03-31,2026-07-22
ACG,-0.17220095826864268,2024-12-31,2026-07-22,37.51494072211983,2026-03-31,2026-07-22
A,-0.5027125652293207,2025-12-31,2026-07-22,-45.430562369219366,2026-03-31,2026-07-22
ACC,0.4643668474278177,2025-12-31,2026-07-22,15.947971157924501,2026-03-31,2026-07-22
AEONTS,-0.020727679521184303,2026-02-28,2026-07-22,9.309826733014459,2026-05-31,2026-07-22
AGE,0.04091913787379583,2025-12-31,2026-07-22,139.48783910196445,2026-03-31,2026-07-22
ADD,0.17785866869692174,2025-12-31,2026-07-22,-37.05318014142209,2026-03-31,2026-07-22
ADVICE,0.16690884087163008,2025-12-31,2026-07-22,82.87295430895847,2026-03-31,2026-07-22
AHC,0.026362437138103795,2025-12-31,2026-07-22,-58.346500405688175,2026-03-31,2026-07-22
AH,-0.030390081238844856,2025-12-31,2026-07-22,2.670960409168403,2026-03-31,2026-07-22
AF,-0.027246674549340787,2025-12-31,2026-07-22,29.408842523596622,2026-03-31,2026-07-22
AE,0.0023049208655557874,2025-12-31,2026-07-22,70.33898305084746,2026-03-31,2026-07-22
ADVANC,0.05943966935918374,2025-12-31,2026-07-22,45.75693954726114,2026-03-31,2026-07-22
AFC,-0.11577919668708013,2025-06-30,2026-07-22,453.5917117895389,2026-03-31,2026-07-22
AI,-0.1084703815902874,2025-12-31,2026-07-22,-41.964486823335086,2026-03-31,2026-07-22
AIMIRT,0.0946834717350558,2025-12-31,2026-07-22,11.367212811256131,2026-03-31,2026-07-22
AJ,-0.004524349651288247,2025-12-31,2026-07-22,-502.0345327215648,2026-03-31,2026-07-22
AIT,-0.05396993423140325,2025-12-31,2026-07-22,0.48823946181420247,2026-03-31,2026-07-22
AIMCG,-0.16398526621059617,2025-12-31,2026-07-22,128.3713080264826,2026-03-31,2026-07-22
AIRA,-0.11163783591559993,2025-12-31,2026-07-22,132.45932342268526,2026-03-31,2026-07-22
AKR,-0.25423156707757744,2025-12-31,2026-07-22,-92.03084058998506,2026-03-31,2026-07-22
AIE,-0.07241450124249389,2025-12-31,2026-07-22,369.836566091954,2026-03-31,2026-07-22
AKP,0.14832168348928368,2025-12-31,2026-07-22,149.20023696682466,2026-03-31,2026-07-22
AJA,-0.36048762220965885,2025-12-31,2026-07-22,32.78777368306959,2026-03-31,2026-07-22
AKS,,,,,,
ALLA,-0.06794027091291335,2025-12-31,2026-07-22,-66.92756510601964,2026-03-31,2026-07-22
ALPHAX,0.8176461514515886,2025-12-31,2026-07-22,-234.21832710400824,2026-03-31,2026-07-22
ALUCON,0.11109122743544003,2025-12-31,2026-07-22,22.139886303783214,2026-03-31,2026-07-22
ALT,0.1743967914957076,2025-12-31,2026-07-22,1.8161135346566,2026-03-31,2026-07-22
AMARC,0.42385083407158486,2025-12-31,2026-07-22,-3.088532138972903,2026-03-31,2026-07-22
ALLY,-0.021554730854920382,2025-12-31,2026-07-22,11.818007502716416,2026-03-31,2026-07-22
AMANAH,-0.14054350551489286,2025-12-31,2026-07-22,-1253.8555199141167,2026-03-31,2026-07-22
AMA,-0.07241438517881679,2025-12-31,2026-07-22,-46.055337687179346,2026-03-31,2026-07-22
AMARIN,-0.056633905331278725,2025-12-31,2026-07-22,64.31414574402939,2026-03-31,2026-07-22
AMATA,-0.030025170080716805,2025-12-31,2026-07-22,66.25043265583751,2026-03-31,2026-07-22
AMATAR,0.032744265894894375,2025-12-31,2026-07-22,9.771096686026649,2026-03-31,2026-07-22
AMR,-0.1871280036969285,2025-12-31,2026-07-22,-57.80289939421688,2026-03-31,2026-07-22
ANI,-0.12029404957483933,2025-12-31,2026-07-22,-17.793901651595494,2026-03-31,2026-07-22
AMC,-0.1554974784324136,2025-12-31,2026-07-22,5.742749311482099,2026-03-31,2026-07-22
AP,0.00962981102492577,2025-12-31,2026-07-22,4.603222568398823,2026-03-31,2026-07-22
AMATAV,-0.2542404734167579,2025-12-31,2026-07-22,-153.25478076105853,2026-03-31,2026-07-22
ANAN,-0.030252496702927713,2025-12-31,2026-07-22,64.80472676456887,2026-03-31,2026-07-22
AOT,-0.006583872153882319,2025-09-30,2026-07-22,13.15494347460892,2026-03-31,2026-07-22
APCO,-0.050579597673170294,2025-12-31,2026-07-22,40.37930815863756,2026-03-31,2026-07-22
APCS,-0.31568881344931937,2025-12-31,2026-07-22,-55.08569839564584,2026-03-31,2026-07-22
APO,0.19396386919823624,2025-12-31,2026-07-22,-31.012061600685797,2026-03-31,2026-07-22
APP,0.11122336011846494,2025-12-31,2026-07-22,-32.140246378773526,2026-03-31,2026-07-22
AS,0.08921087538414553,2025-12-31,2026-07-22,-27.775516434313623,2026-03-31,2026-07-22
ARIN,-0.46189348336906355,2025-12-31,2026-07-22,-8.1831290555155,2026-03-31,2026-07-22
ARIP,0.17990879799568416,2025-12-31,2026-07-22,-3.016815034619189,2026-03-31,2026-07-22
APURE,-0.09143948652216377,2025-12-31,2026-07-22,-80.41920015818874,2026-03-31,2026-07-22
AQUA,1.6305186600854809,2025-12-31,2026-07-22,151.51244701540415,2026-03-31,2026-07-22
ARROW,-0.0780489565651295,2025-12-31,2026-07-22,14.171839376414926,2026-03-31,2026-07-22
ASEFA,0.049880646613361564,2025-12-31,2026-07-22,161.76032353905455,2026-03-31,2026-07-22
ASAP,0.0032714560331197676,2025-12-31,2026-07-22,-126.81153220976987,2026-03-31,2026-07-22
ASIA,0.03356117305048458,2025-12-31,2026-07-22,40.74985457080744,2026-03-31,2026-07-22
ASIAN,-0.0011966364938969713,2025-12-31,2026-07-22,-38.15948261000202,2026-03-31,2026-07-22
ASIMAR,-0.11603606827860072,2025-12-31,2026-07-22,-69.43390259329539,2026-03-31,2026-07-22
ASK,-0.16090374773171828,2025-12-31,2026-07-22,38.52428038397845,2026-03-31,2026-07-22
ASP,-0.10552829546702733,2025-12-31,2026-07-22,2109.7672295755365,2026-03-31,2026-07-22
ATP30,0.10360649986905839,2025-12-31,2026-07-22,-36.572554169402494,2026-03-31,2026-07-22
ASW,-0.05772628319403834,2025-12-31,2026-07-22,13.96089493229633,2026-03-31,2026-07-22
AUCT,-0.21585700904353436,2025-12-31,2026-07-22,-36.40001736370442,2026-03-31,2026-07-22
ASTR,0.04553886178962723,2025-12-31,2026-07-22,-56.83567562198937,2026-03-31,2026-07-22
AU,0.024662107518477795,2025-12-31,2026-07-22,-17.704792527943653,2026-03-31,2026-07-22
AURA,0.20392234930146133,2025-12-31,2026-07-22,75.72413931587032,2026-03-31,2026-07-22
B,0.418787088665676,2025-12-31,2026-07-22,-62.78231952334765,2026-03-31,2026-07-22
AYUD,0.3067795034003453,2025-12-31,2026-07-22,24.90674051209092,2026-03-31,2026-07-22
B-WORK,-0.06541876559698283,2025-12-31,2026-07-22,6.758999755108705,2026-03-31,2026-07-22
AXTRART,-0.031047838018950075,2025-12-31,2026-07-22,-4.869096873523489,2026-03-31,2026-07-22
AWC,0.09143134948676056,2025-12-31,2026-07-22,0.8705512086108604,2026-03-31,2026-07-22
B52,4.475301977731388,2025-12-31,2026-07-22,54.77719368960552,2026-03-31,2026-07-22
BA,0.004378135710658651,2025-12-31,2026-07-22,24.84591645008696,2026-03-31,2026-07-22
BAM,-0.05358000139894098,2025-12-31,2026-07-22,-0.05489689532684412,2026-03-31,2026-07-22
BAFS,0.04915323517552653,2025-12-31,2026-07-22,5.924086308049698,2026-03-31,2026-07-22
BBL,0.01588402150927934,2025-12-31,2026-07-22,-12.870809961559019,2026-03-31,2026-07-22
BANPU,0.0251835213965534,2025-12-31,2026-07-17,183.8317033701541,2026-03-31,2026-07-17
BC,-0.11760226881819416,2025-12-31,2026-07-22,-124.71517439015867,2026-03-31,2026-07-22
BBGI,-0.19633863095627618,2025-12-31,2026-07-22,105.92226060436312,2026-03-31,2026-07-22
BCH,0.016155806626443878,2025-12-31,2026-07-22,-16.73046758291007,2026-03-31,2026-07-22
BBIK,0.02563103899102435,2025-12-31,2026-07-22,11.425766758823697,2026-03-31,2026-07-22
BAY,0.023368421273782997,2025-12-31,2026-07-22,14.391072495949084,2026-03-31,2026-07-22
BCPG,-0.1776943097412627,2025-12-31,2026-07-22,340.90022311336645,2026-03-31,2026-07-22
BCT,-0.2039580426501312,2026-03-31,2026-07-22,14.770711511952694,2026-03-31,2026-07-22
BCP,-0.12084565889742226,2025-12-31,2026-07-22,13271.712407069932,2025-12-31,2026-07-22
BE8,-0.055187476911822526,2025-12-31,2026-07-22,-446.33361813338695,2026-03-31,2026-07-22
BDMS,0.03374569564276979,2025-12-31,2026-07-22,-6.63479380227704,2026-03-31,2026-07-22
BEYOND,-0.04694842979867045,2025-12-31,2026-07-22,99.75299171690844,2026-03-31,2026-07-22
BGT,-0.036217032391097,2025-12-31,2026-07-22,-41.28319440183159,2026-03-31,2026-07-22
BEAUTY,-0.37183200846402265,2025-12-31,2026-07-22,26.377944561697152,2026-03-31,2026-07-22
BGC,-0.05303062622700841,2025-12-31,2026-07-22,-38.84618956949798,2026-03-31,2026-07-22
BEC,-0.06393228049180046,2025-12-31,2026-07-22,-28.626149131767107,2026-03-31,2026-07-22
BGRIM,-0.008334374309515887,2025-12-31,2026-07-22,10.282994919976634,2026-03-31,2026-07-22
BEM,-0.0051647716472914065,2025-12-31,2026-07-22,0.4321405076617686,2026-03-31,2026-07-22
BH,-0.019540185057315522,2025-12-31,2026-07-22,3.2440319985235,2026-03-31,2026-07-22
BIS,-0.030090234553029744,2025-12-31,2026-07-22,-5.839690555495864,2026-03-31,2026-07-22
BIG,0.008098528786595562,2025-12-31,2026-07-22,-21.27486584638734,2026-03-31,2026-07-22
BIOTEC,-0.07075942115874001,2025-12-31,2026-07-22,280.9604415639777,2026-03-31,2026-07-22
BIZ,0.18081629242493155,2025-12-31,2026-07-22,829.3789880470927,2026-03-31,2026-07-22
BJCHI,-0.44397136990244007,2025-12-31,2026-07-22,266.01833508091596,2026-03-31,2026-07-22
BJC,-0.02350033418410497,2025-12-31,2026-07-22,-3.091986058247053,2026-03-31,2026-07-22
BKIH,0.0007805006707312538,2025-12-31,2026-07-22,102.17448723740061,2026-03-31,2026-07-22
BKGI,0.12416800048965485,2025-12-31,2026-07-22,111.2410573462117,2025-12-31,2026-07-22
BKA,-0.4495578547935336,2025-12-31,2026-07-22,-723.4479655229094,2026-03-31,2026-07-22
BKD,-0.2459466578563455,2025-12-31,2026-07-22,-32.608252137274135,2026-03-31,2026-07-22
BLC,0.07093529002512872,2025-12-31,2026-07-22,-47.46248505376817,2026-03-31,2026-07-22
BLA,0.06423300675948626,2025-12-31,2026-07-22,28.38919653745427,2026-03-31,2026-07-22
BLAND,-0.11309660232294579,2026-03-31,2026-07-22,21.5239597463466,2026-03-31,2026-07-22
BM,-0.0456907843637916,2025-12-31,2026-07-22,-54.82794943820225,2026-03-31,2026-07-22
BOFFICE,-0.020108039749854673,2025-12-31,2026-07-22,-14.025932813402353,2026-03-31,2026-07-22
BOL,0.1122879113901725,2025-12-31,2026-07-22,8.798678241713647,2026-03-31,2026-07-22
BPS,-0.024517030072045694,2025-12-31,2026-07-22,-69.38352834953821,2026-03-31,2026-07-22
BPP,0.07834555860512453,2025-12-31,2026-07-22,923.2492099833726,2026-03-31,2026-07-22
BR,0.01999432403920014,2025-12-31,2026-07-22,119.50917482832378,2026-03-31,2026-07-22
BLESS,-0.17183015626373616,2025-12-31,2026-07-22,-205.88255298687065,2026-03-31,2026-07-22
BRR,-0.21234427737150002,2025-12-31,2026-07-22,-39.97873945442368,2026-03-31,2026-07-22
BSM,-0.12217790808099505,2025-12-31,2026-07-22,35.97200315457413,2026-03-31,2026-07-22
BROCK,0.8640592669136612,2025-12-31,2026-07-22,73.32971161868738,2026-03-31,2026-07-22
BRI,-0.3275047103273095,2025-12-31,2026-07-22,-132.03278946953574,2026-03-31,2026-07-22
BSBM,-0.37388730700629197,2025-12-31,2026-07-22,147.52839372633858,2026-03-31,2026-07-22
BTG,0.07124733552661867,2025-12-31,2026-07-22,-47.151837371299706,2026-03-31,2026-07-22
BTC,-0.287808199889572,2025-12-31,2026-07-22,79.77232364838864,2026-03-31,2026-07-22
BTNC,-0.21733387873815493,2025-12-31,2026-07-22,-109.97210599721059,2026-03-31,2026-07-22
BTS,0.17913364844140578,2026-03-31,2026-07-22,23.006188635390696,2026-03-31,2026-07-22
BTW,0.47432456758221025,2025-12-31,2026-07-22,-133.94967241976104,2026-03-31,2026-07-22
BUI,0.059146301564432596,2025-12-31,2026-07-22,187.28178845894303,2026-03-31,2026-07-22
BVG,0.14743339338888523,2025-12-31,2026-07-22,-15.851765734037567,2026-03-31,2026-07-22
BWG,0.04981063927784401,2025-12-31,2026-07-22,113.00941144684109,2026-03-31,2026-07-22
CCET,-0.0592245989209782,2025-12-31,2026-07-22,-17.23648085219988,2026-03-31,2026-07-22
BYD,0.15339375269469058,2025-12-31,2026-07-22,107.7252577576331,2026-03-31,2026-07-22
CBG,0.05138973860575406,2025-12-31,2026-07-22,-19.64832829705371,2026-03-31,2026-07-22
CAZ,-0.4664953319083409,2025-12-31,2026-07-22,-2.018339353828277,2026-03-31,2026-07-22
CEN,-0.25748287504073897,2025-12-31,2026-07-22,-9.00963725763864,2026-03-31,2026-07-22
CCP,-0.08119643759806686,2025-12-31,2026-07-22,-21.41062402081055,2026-03-31,2026-07-22
CENTEL,0.039804848173626506,2025-12-31,2026-07-22,186.4954636321698,2026-03-31,2026-07-22
CFARM,-0.04295250086576116,2025-12-31,2026-07-22,136.99297940732765,2026-03-31,2026-07-22
CEYE,0.058764815300471625,2025-12-31,2026-07-22,-38.41066782307025,2026-03-31,2026-07-22
CFRESH,0.06764334308563086,2025-12-31,2026-07-22,257.930925887046,2026-03-31,2026-07-22
CGH,-0.16356810523386447,2025-12-31,2026-07-22,394.8900388098318,2026-03-31,2026-07-22
CHAO,-0.09671253882171614,2025-12-31,2026-07-22,53.044232437120556,2026-03-31,2026-07-22
CGD,-0.719838216573949,2025-12-31,2026-07-22,-90.82141864138184,2026-03-31,2026-07-22
CHARAN,0.2294492540721078,2025-12-31,2026-07-22,129.79671147324197,2026-03-31,2026-07-22
CH,-0.2584925640439222,2025-12-31,2026-07-22,-101.00160833398309,2026-03-31,2026-07-22
CHAYO,0.06880818311741872,2025-12-31,2026-07-22,28.216963361235514,2026-03-31,2026-07-22
CHASE,-0.09612945957123183,2025-12-31,2026-07-22,231.76939589083102,2026-03-31,2026-07-22
CITY,,2025-07-31,2026-07-22,50.78155529503713,2026-04-30,2026-07-22
CHO,-0.3196291752971223,2025-12-31,2026-07-17,39.8878616540406,2026-03-31,2026-07-17
CHIC,0.03631768902320843,2025-12-31,2026-07-22,160.23986916227514,2026-03-31,2026-07-22
CHG,0.013359379438834957,2025-12-31,2026-07-22,9.90280921315404,2026-03-31,2026-07-22
CHEWA,-0.5462701195815762,2025-12-31,2026-07-22,10.809257499060546,2026-03-31,2026-07-22
CHOW,-0.6520075152895379,2025-12-31,2026-07-22,-37.3792270531401,2026-03-31,2026-07-22
CI,-0.36210924486632495,2025-12-31,2026-07-22,95.05631159080245,2026-03-31,2026-07-22
CIG,0.37664161474160024,2025-12-31,2026-07-22,87.50746803680248,2026-03-31,2026-07-22
CHOTI,-0.04495486453361213,2025-12-31,2026-07-22,-355.60877237206955,2026-03-31,2026-07-22
CIVIL,-0.01651108844717518,2025-12-31,2026-07-22,174.68319175602284,2026-03-31,2026-07-22
CKP,-0.010329284721486425,2025-12-31,2026-07-22,154.89391896686297,2026-03-31,2026-07-22
CK,0.17377952005940978,2025-12-31,2026-07-22,16.6073206421417,2026-03-31,2026-07-22
CM,-0.10434127000983805,2025-12-31,2026-07-22,-288.93876656954444,2026-03-31,2026-07-22
CMAN,-0.04325329983824009,2025-12-31,2026-07-22,31.977560683616385,2026-03-31,2026-07-22
CMO,0.12877388137627124,2025-12-31,2026-07-22,-52.50781699985041,2026-03-31,2026-07-22
CMR,-0.020140233861230802,2025-12-31,2026-07-22,-37.13896130044078,2026-03-31,2026-07-22
CMC,-0.3921750487136283,2025-12-31,2026-07-22,47.299388401739,2026-03-31,2026-07-22
CNT,0.22372063900806335,2025-12-31,2026-07-22,-29.12225897341664,2026-03-31,2026-07-22
COCOCO,0.017033300803465663,2025-12-31,2026-07-22,27.064652045745685,2026-03-31,2026-07-22
COLOR,-0.06689638402390204,2025-12-31,2026-07-22,-60.748124753257,2026-03-31,2026-07-22
COMAN,-0.2264076645505465,2025-12-31,2026-07-22,37.182290243235855,2026-03-31,2026-07-22
COM7,0.1038878037897242,2025-12-31,2026-07-22,25.037169072884012,2026-03-31,2026-07-22
CPALL,0.03301862464724253,2025-12-31,2026-07-22,20.204824159769277,2026-03-31,2026-07-22
CPANEL,0.03399994767001596,2025-12-31,2026-07-22,3.6243282212609778,2026-03-31,2026-07-22
CPAXT,0.017801717005601812,2025-12-31,2026-07-22,-35.274858672436075,2025-12-31,2026-07-22
CPI,0.025541549724282193,2025-12-31,2026-07-22,57.17223003168076,2026-03-31,2026-07-22
CPH,0.06616473121130505,2025-12-31,2026-07-22,-279.6296231338782,2026-03-31,2026-07-22
CPF,-0.016552360773124625,2025-12-31,2026-07-22,-42.97937007547973,2026-03-31,2026-07-22
CPL,-0.05268011156791091,2025-12-31,2026-07-22,405.0074354005075,2026-03-31,2026-07-22
CPN,-0.0029905614627773885,2025-12-31,2026-07-22,17.590550924049854,2026-03-31,2026-07-22
CPR,-0.10007805331831186,2025-12-31,2026-07-22,-99.08567558415172,2026-03-31,2026-07-22
CPT,0.03095703935783816,2025-12-31,2026-07-22,10.571169679730186,2026-03-31,2026-07-22
CRANE,-0.2763370755010503,2025-12-31,2026-07-22,49.3832396705899,2026-03-31,2026-07-22
CPW,0.2287939970297226,2025-12-31,2026-07-22,75.08084074373484,2026-03-31,2026-07-22
CRC,0.007336992119751789,2025-12-31,2026-07-22,19.307904795228698,2026-03-31,2026-07-22
CRD,-0.09988679764293901,2025-12-31,2026-07-22,507.85448412039847,2026-03-31,2026-07-22
CREDIT,0.015741641960757162,2025-12-31,2026-07-22,28.972867144018306,2026-03-31,2026-07-22
CSR,0.03130992925962716,2025-12-31,2026-07-22,17.76040711782818,2026-03-31,2026-07-22
CSP,-0.11241870397273891,2025-12-31,2026-07-22,776.714702850862,2026-03-31,2026-07-22
CSC,-0.030673706465489836,2025-12-31,2026-07-22,5.8935154528113545,2026-03-31,2026-07-22
CSS,-0.05284733798663465,2025-12-31,2026-07-22,319.0765268579838,2026-03-31,2026-07-22
CTW,-0.04340224240726291,2025-12-31,2026-07-22,233.45467019877648,2026-03-31,2026-07-22
CWT,-0.14345508540641508,2025-12-31,2026-07-22,-317.19044088290656,2026-03-31,2026-07-22
D,0.09704727280804894,2025-12-31,2026-07-22,39.84673997143847,2026-03-31,2026-07-22
DCC,-0.10212567442869178,2025-12-31,2026-07-22,-14.345171348324481,2026-03-31,2026-07-22
DCON,-0.16875369137676893,2025-12-31,2026-07-22,130.30347112469624,2026-03-31,2026-07-22
DDD,-0.05905505989294149,2025-12-31,2026-07-22,-223.88611171484462,2026-03-31,2026-07-22
DELTA,0.2028781502803815,2025-12-31,2026-07-22,321.3705722857566,2026-03-31,2026-07-22
DEMCO,-0.27942857795788,2025-12-31,2026-07-22,150.30264415418924,2026-03-31,2026-07-22
DEXON,0.07409978312693002,2025-12-31,2026-07-22,3.0509688899521916,2026-03-31,2026-07-22
DHOUSE,-0.17234815530251685,2025-12-31,2026-07-22,13.381719210705375,2026-03-31,2026-07-22
DITTO,0.30291024557313734,2025-12-31,2026-07-22,8.857378986264505,2026-03-31,2026-07-22
DIMET,0.011786180176293288,2025-12-31,2026-07-22,64.84802012435355,2026-03-31,2026-07-22
DMT,0.07231722422796362,2025-12-31,2026-07-22,4.928327244450313,2026-03-31,2026-07-22
DPAINT,-0.15066096783400743,2025-12-31,2026-07-22,52.47281525118584,2026-03-31,2026-07-22
DOHOME,-0.060693484532411565,2025-12-31,2026-07-22,2.3045160026766336,2026-03-31,2026-07-22
DRT,-0.08824206752448867,2025-12-31,2026-07-22,35.2391812424608,2026-03-31,2026-07-22
DOD,-0.05640227847071716,2025-12-31,2026-07-22,-180.40729304514042,2026-03-31,2026-07-22
DTCENT,-0.02313519396675657,2025-12-31,2026-07-22,4.0923439698779145,2026-03-31,2026-07-22
DUSIT,-0.2233442745554263,2025-12-31,2026-07-22,420.979605483116,2026-03-31,2026-07-22
ECF,,,,,,
EA,-0.2774606044419517,2025-12-31,2026-07-22,43.390281889408044,2026-03-31,2026-07-22
EASON,-0.09536905120391932,2025-12-31,2026-07-22,-2.506151631110917,2026-03-31,2026-07-22
EASTW,-0.12555201287323808,2025-12-31,2026-07-22,863.3642427200261,2026-03-31,2026-07-22
EAST,0.11434285086184437,2025-12-31,2026-07-22,124.31091637165987,2026-03-31,2026-07-22
EFORL,-0.025700612011728297,2025-12-31,2026-07-22,124.46313925171575,2026-03-31,2026-07-22
EKH,-0.05146922754759911,2025-12-31,2026-07-22,-7.207875729692292,2026-03-31,2026-07-22
EGCO,-0.20416463867433282,2025-12-31,2026-07-22,-75.53166088669047,2026-03-31,2026-07-22
EMC,-0.23206224077433846,2025-12-31,2026-07-22,84.01046266730077,2026-03-31,2026-07-22
EP,-0.06711874055779055,2025-12-31,2026-07-22,261.1385494703391,2026-03-31,2026-07-22
EMPIRE,0.5687223727999887,2025-12-31,2026-07-22,-358.1606340990682,2026-03-31,2026-07-22
F&D,,,,,,
EPG,-0.020391639482246128,2026-03-31,2026-07-22,52.970532201772336,2026-03-31,2026-07-22
ESTAR,0.07409821869814233,2025-12-31,2026-07-22,500.0109517029898,2026-03-31,2026-07-22
ETC,0.0011785128654621187,2025-12-31,2026-07-22,46.62202603621128,2026-03-31,2026-07-22
ERW,0.004216315642530443,2025-12-31,2026-07-22,8.735544990763849,2026-03-31,2026-07-22
EURO,0.11458400727263422,2025-12-31,2026-07-22,38.07405491394722,2026-03-31,2026-07-22
ETL,0.372577940498235,2025-12-31,2026-07-22,-201.30799415249672,2026-03-31,2026-07-22
EVER,-0.22566687113904657,2025-12-31,2026-07-22,3.1917132144770064,2026-03-31,2026-07-22
ETE,-0.04637211419746592,2025-12-31,2026-07-22,29.6139413313747,2026-03-31,2026-07-22
FANCY,-0.26516527784190885,2025-12-31,2026-07-22,-37.96693538562808,2026-03-31,2026-07-22
FE,-0.17951727894270866,2025-12-31,2026-07-22,48.633038120908736,2026-03-31,2026-07-22
FLOYD,0.283667756570192,2025-12-31,2026-07-22,133.90087660148347,2026-03-31,2026-07-22
FN,0.1465802338511228,2025-12-31,2026-07-22,24.34709351305813,2026-03-31,2026-07-22
FM,-0.026537440890734655,2025-12-31,2026-07-22,7.063836420795552,2026-03-31,2026-07-22
FMT,-0.11631957785668413,2025-12-31,2026-07-22,100.13996413419062,2026-03-31,2026-07-22
FNS,0.24996740264255912,2025-12-31,2026-07-22,42.40656877544486,2026-03-31,2026-07-22
FORTH,0.25627805402434267,2025-12-31,2026-07-22,176.516524432436,2026-03-31,2026-07-22
FPI,0.060743051123069096,2025-12-31,2026-07-22,-15.081486479472673,2026-03-31,2026-07-22
FSMART,-0.003019226376962811,2025-12-31,2026-07-22,-11.301103073549147,2026-03-31,2026-07-22
FPT,0.014221462944301827,2025-09-30,2026-07-22,471.3523243778408,2026-03-31,2026-07-22
FSX,-0.21932589097323912,2025-12-31,2026-07-22,-54.654683674784174,2026-03-31,2026-07-22
FTE,0.0366866863665141,2025-12-31,2026-07-22,57.03125,2026-03-31,2026-07-22
FTI,-0.05270487334694586,2025-12-31,2026-07-22,-713.803305994941,2026-03-31,2026-07-22
FVC,0.10304103666339061,2025-12-31,2026-07-22,-224.8569942797712,2026-03-31,2026-07-22
GBX,0.22583105386272928,2025-12-31,2026-07-22,45.77073930635636,2025-12-31,2026-07-22
GC,-0.12300624981388053,2025-12-31,2026-07-22,67.55859452195565,2026-03-31,2026-07-22
GCAP,-0.2145902726560133,2025-12-31,2026-07-22,-4478.283340909516,2026-03-31,2026-07-22
GABLE,0.010422497676918663,2025-12-31,2026-07-22,1125.9195893926433,2026-03-31,2026-07-22
GEL,-0.4262118260813514,2025-12-31,2026-07-22,-8.472220543624081,2026-03-31,2026-07-22
GENCO,-0.14181518924840059,2025-12-31,2026-07-22,74.19750920891072,2026-03-31,2026-07-22
GFC,-0.050479597558476426,2025-12-31,2026-07-22,-67.47428715426473,2025-12-31,2026-07-22
GGC,0.0475169729692407,2025-12-31,2026-07-22,146.78163428654588,2026-03-31,2026-07-22
GFPT,-0.024538503479111573,2025-12-31,2026-07-22,-19.006321500620246,2026-03-31,2026-07-22
GLOBAL,-0.021190970672237942,2025-12-31,2026-07-22,-17.95772149531025,2025-12-31,2026-07-22
GJS,-0.09861871655407563,2025-12-31,2026-07-22,74.46498286446233,2026-03-31,2026-07-22
GPI,0.10644829008674445,2025-12-31,2026-07-22,9.964710219799631,2026-03-31,2026-07-22
GLORY,-0.04439346778298507,2025-12-31,2026-07-22,-55.22340083574413,2026-03-31,2026-07-22
GRAND,-0.2207544633918212,2025-12-31,2026-07-22,-119.3387909920041,2026-03-31,2026-07-22
GRAMMY,-0.056696687506893204,2025-12-31,2026-07-22,19.924204532338116,2026-03-31,2026-07-22
GPSC,-0.06407868492914755,2025-12-31,2026-07-22,71.97480900499207,2026-03-31,2026-07-22
GREEN,0.03666707502096742,2025-12-31,2026-07-22,136.33285330634803,2026-03-31,2026-07-22
GTB,-0.06246856787231028,2025-12-31,2026-07-22,-47.30403082218686,2026-03-31,2026-07-22
GULF,0.059916535823449434,2024-12-31,2026-07-22,68.99525071695248,2026-03-31,2026-07-22
GTV,-0.5424204860148341,2025-12-31,2026-07-22,-56.25044166490001,2026-03-31,2026-07-22
GYT,-0.015194668181059438,2025-12-31,2026-07-22,-68.08449074074075,2026-03-31,2026-07-22
HANA,-0.17087515206747614,2025-12-31,2026-07-22,-78.35490773101756,2026-03-31,2026-07-22
GUNKUL,-0.13955134764093421,2025-12-31,2026-07-22,24.197948033191178,2026-03-31,2026-07-22
HARN,-0.04676835267218329,2025-12-31,2026-07-22,108.38478014363109,2026-03-31,2026-07-22
HPT,,,,,,
HANN,-0.05977672657095035,2025-12-31,2026-07-22,-90.74445405821017,2026-03-31,2026-07-22
HENG,-0.24725844070608383,2025-12-31,2026-07-22,20.37453754910561,2026-03-31,2026-07-22
HFT,-0.11037868740779648,2025-12-31,2026-07-22,-10.75401505189754,2026-03-31,2026-07-22
HL,0.12734091996302005,2025-12-31,2026-07-22,-9.37200832695061,2026-03-31,2026-07-22
HTECH,-0.002699555980336512,2025-12-31,2026-07-22,-7.032729187014443,2026-03-31,2026-07-22
HMPRO,-0.027487325980742876,2025-12-31,2026-07-22,-18.705350687691464,2026-03-31,2026-07-22
HTC,0.015817581434927622,2025-12-31,2026-07-22,9.040181639261348,2026-03-31,2026-07-22
I2,-0.4088026769610196,2025-12-31,2026-07-22,542.6246185147508,2026-03-31,2026-07-22
HYDRO,4.253943027753451,2025-12-31,2026-07-22,-65629.87012987013,2026-03-31,2026-07-22
HUMAN,0.06865367665907024,2025-12-31,2026-07-22,-4.080555691914977,2026-03-31,2026-07-22
ICHI,-0.059124876725800385,2025-12-31,2026-07-22,16.859682746809117,2026-03-31,2026-07-22
ICN,-0.22011396519103227,2025-12-31,2026-07-22,114.22514619883042,2026-03-31,2026-07-22
ICC,-0.04550175943747835,2025-12-31,2026-07-22,-77.42491983327956,2026-03-31,2026-07-22
IIG,-0.30717123656609296,2025-12-31,2026-07-22,84.55590194400901,2026-03-31,2026-07-22
IFS,0.07532397419661373,2025-12-31,2026-07-22,202.60549008905767,2026-03-31,2026-07-22
IHL,-0.16397876512499718,2025-12-31,2026-07-22,-66.25526175977767,2026-03-31,2026-07-22
III,0.03330158315017336,2025-12-31,2026-07-22,-12.50629490291955,2026-03-31,2026-07-22
IMH,-0.0014974905219337883,2025-12-31,2026-07-22,320.0826442628162,2026-03-31,2026-07-22
ILINK,-0.19453584784517633,2025-12-31,2026-07-22,-16.96132899229044,2026-03-31,2026-07-22
IND,0.3843379911463968,2025-12-31,2026-07-22,-69.62421209642497,2026-03-31,2026-07-22
IMPACT,0.21629808742315956,2025-03-31,2026-07-22,42.221277454314865,2025-12-31,2026-07-22
INET,0.24241791246690642,2025-12-31,2026-07-22,106.9053564403607,2026-03-31,2026-07-22
ILM,0.008038823292770577,2025-12-31,2026-07-22,-13.934917149131563,2026-03-31,2026-07-22
IROYAL,,,,,,
INOX,-0.0784785915899126,2025-12-31,2026-07-22,182.41774713301513,2026-03-31,2026-07-22
INGRS,0.05605108062956373,2025-01-31,2026-07-22,-1063.2157668454895,2025-10-31,2026-07-22
INSET,-0.41157704573743903,2025-12-31,2026-07-22,297.29122995054115,2026-03-31,2026-07-22
INSURE,0.5517733768302193,2025-12-31,2026-07-22,3.8582931263823186,2026-03-31,2026-07-22
IP,0.15609253917315735,2025-12-31,2026-07-22,40.17860640006267,2026-03-31,2026-07-22
IRCP,-0.2208766480216492,2025-12-31,2026-07-22,143.48747846826552,2026-03-31,2026-07-22
IRPC,-0.11199837638356222,2025-12-31,2026-07-22,801.042731793817,2026-03-31,2026-07-22
IRC,0.008777664174249904,2025-09-30,2026-07-22,63.745573359942085,2026-03-31,2026-07-22
ISSARA,0.10701257433073487,2025-12-31,2026-07-22,-16.490389158732295,2026-03-31,2026-07-22
IT,0.09129832764848891,2025-12-31,2026-07-22,217.74506408036024,2026-03-31,2026-07-22
ITD,-0.4922985351764094,2025-12-31,2026-07-22,-103.2621177875326,2026-03-31,2026-07-22
ITC,0.027882489798662626,2025-12-31,2026-07-22,10.22535350251187,2026-03-31,2026-07-22
ITEL,0.1396027886944604,2025-12-31,2026-07-22,17.291762529515452,2026-03-31,2026-07-22
ITNS,-0.287949604275389,2024-12-31,2026-07-22,-46.66645658148476,2026-03-31,2026-07-22
IVF,-0.41463197734134366,2025-12-31,2026-07-22,-104.96277915632754,2026-03-31,2026-07-22
ITTHI,0.06462726654026095,2025-12-31,2026-07-22,-46.39560672938841,2026-03-31,2026-07-22
IVL,-0.1741877084655396,2025-12-31,2026-07-22,-114.65543259557344,2026-03-31,2026-07-22
J,0.08821147014518659,2025-12-31,2026-07-22,-102.97091051395772,2026-03-31,2026-07-22
JAK,0.7546992294314512,2025-12-31,2026-07-22,669.7252300868292,2026-03-31,2026-07-22
JAS,0.19521465576764124,2025-12-31,2026-07-22,-512.200647249191,2026-03-31,2026-07-22
JDF,0.11405070956014206,2025-12-31,2026-07-22,106.19251274239849,2026-03-31,2026-07-22
JCT,0.05678516216740211,2025-12-31,2026-07-22,19.767575984774208,2026-03-31,2026-07-22
JCK,-0.7177316273132649,2025-12-31,2026-07-22,12.6748537316979,2026-03-31,2026-07-22
JMT,-0.12345291424168636,2025-12-31,2026-07-22,-23.582170051722727,2026-03-31,2026-07-22
JPARK,-0.018514360128341466,2025-12-31,2026-07-22,40.841688831466236,2026-03-31,2026-07-22
JMART,0.08999634863700959,2025-12-31,2026-07-22,15.948380292730203,2026-03-31,2026-07-22
JR,0.226028910738303,2025-12-31,2026-07-22,-324.84969939879755,2026-03-31,2026-07-22
JSP,0.22527769890434013,2025-12-31,2026-07-22,-93.95274329195034,2026-03-31,2026-07-22
JTS,-0.028412581255641344,2025-12-31,2026-07-22,-142.18159178927516,2026-03-31,2026-07-22
JUBILE,-0.15243906323662043,2025-12-31,2026-07-22,33.1392230480423,2026-03-31,2026-07-22
KASET,-0.1970628590676359,2025-12-31,2026-07-22,-31.415069493414144,2026-03-31,2026-07-22
KAMART,0.08959671406821659,2025-12-31,2026-07-22,-13.10712847362062,2026-03-31,2026-07-22
KBANK,-0.009729574564928506,2025-12-31,2026-07-22,6.351434667751783,2026-03-31,2026-07-22
K,0.037014786307721495,2025-12-31,2026-07-22,-54.59975346203613,2026-03-31,2026-07-22
KC,-0.6993080614113645,2025-12-31,2026-07-22,-30.769231322984542,2026-03-31,2026-07-22
KBS,-0.08030600577221561,2025-12-31,2026-07-22,-17.445740537679132,2026-03-31,2026-07-22
KCAR,0.20691316735795232,2025-12-31,2026-07-22,-11.732568224098685,2026-03-31,2026-07-22
KCC,0.779063970242935,2025-12-31,2026-07-22,1824.6360551147568,2026-03-31,2026-07-22
KCE,-0.11853136432740032,2025-12-31,2026-07-22,1.9420475264241173,2026-03-31,2026-07-22
KCM,-0.14004354784863468,2025-12-31,2026-07-22,204.6256674045876,2026-03-31,2026-07-22
KCG,0.11649381539956241,2025-12-31,2026-07-22,26.535958413491056,2026-03-31,2026-07-22
KIAT,-0.08103796137971239,2025-12-31,2026-07-22,-32.44830542738457,2026-03-31,2026-07-22
KJL,-0.0676301021027239,2025-12-31,2026-07-22,-16.98785378395203,2026-03-31,2026-07-22
KGEN,-0.021680460387560257,2025-12-31,2026-07-22,-40.05292862736626,2026-03-31,2026-07-22
KDH,0.11246711522728545,2025-12-31,2026-07-22,15.579227696404793,2026-03-31,2026-07-22
KGI,0.005928719042281493,2025-12-31,2026-07-22,61.175923021662804,2026-03-31,2026-07-22
KK,0.13576112717121244,2025-12-31,2026-07-22,230.22073496950108,2026-03-31,2026-07-22
KISS,0.032099408039945064,2025-12-31,2026-07-22,27.296011806111668,2026-03-31,2026-07-22
KKP,0.04757136941879,2025-12-31,2026-07-22,84.19922778322542,2026-03-31,2026-07-22
KLINIQ,0.19216414184867106,2025-12-31,2026-07-22,42.848818489914464,2026-03-31,2026-07-22
KOOL,-0.294072194933885,2025-12-31,2026-07-22,-55.200086758486066,2026-03-31,2026-07-22
KSL,-0.03287329390844322,2025-10-31,2026-07-22,112.86983050847456,2026-04-30,2026-07-22
KTB,-0.011678385394438582,2025-12-31,2026-07-22,6.176341578893361,2026-03-31,2026-07-22
KTBSTMR,-0.04814164998559644,2025-12-31,2026-07-22,16.504482587737083,2026-03-31,2026-07-22
KTC,0.01967349852119575,2025-12-31,2026-07-22,16.701074813397838,2026-03-31,2026-07-22
KTMS,0.1793717675176411,2025-12-31,2026-07-22,-35.96785588131402,2026-03-31,2026-07-22
KTIS,0.025497183136897004,2025-09-30,2026-07-22,60.404943312916025,2026-03-31,2026-07-22
KUMWEL,0.1030261300453621,2025-12-31,2026-07-22,197.7083492475747,2026-03-31,2026-07-22
L&E,,,,,,
KWC,0.07022825657381988,2025-12-31,2026-07-22,6.853815762112705,2026-03-31,2026-07-22
KUN,-0.22481973335063427,2025-12-31,2026-07-22,72.67176058008971,2026-03-31,2026-07-22
KWM,-0.25226186411786067,2025-12-31,2026-07-22,-74.71660368970883,2026-03-31,2026-07-22
LALIN,-0.17271246519076824,2025-12-31,2026-07-22,-21.064485975871047,2026-03-31,2026-07-22
KYE,-0.23442714382863838,2026-03-31,2026-07-22,-354.2167436666141,2026-03-31,2026-07-22
LDC,-0.11888401875980892,2025-12-31,2026-07-22,-290.2314311852282,2026-03-31,2026-07-22
LANNA,-0.2709737346532391,2025-12-31,2026-07-22,-26.608752813523218,2026-03-31,2026-07-22
LEO,-0.18650481882865397,2025-12-31,2026-07-22,-13.457103321033209,2026-03-31,2026-07-22
LEE,0.03379603369550719,2025-12-31,2026-07-22,-23.90733221877239,2026-03-31,2026-07-22
LH,-0.16003233234589664,2025-12-31,2026-07-22,-17.0289193084778,2026-03-31,2026-07-22
LHFG,0.1856243347217046,2025-12-31,2026-07-22,47.86719460269654,2026-03-31,2026-07-22
LHSC,0.7273469794085686,2025-12-31,2026-07-22,-26.25257262390769,2026-03-31,2026-07-22
LHHOTEL,-0.12342772812349793,2025-12-31,2026-07-22,-3.4523543851818794,2026-03-31,2026-07-22
LIT,0.6165005833636172,2025-12-31,2026-07-22,71.17117117117117,2026-03-31,2026-07-22
LPH,0.07614180359417552,2025-12-31,2026-07-22,14.206133388791327,2026-03-31,2026-07-22
LOXLEY,0.03777303480324643,2025-12-31,2026-07-22,211.03339526314966,2026-03-31,2026-07-22
LPN,-0.15950063673121812,2025-12-31,2026-07-22,-98.01331574804811,2026-03-31,2026-07-22
LHK,-0.017351370666863878,2026-03-31,2026-07-22,51.23724109081063,2026-03-31,2026-07-22
LTMH,0.07453580331280374,2025-12-31,2026-07-22,-408.15823144693104,2026-03-31,2026-07-22
M-PAT,,,,,,
LST,0.10597973912593532,2025-12-31,2026-07-22,36.69168262512292,2026-03-31,2026-07-22
LTS,0.30795759240680204,2025-12-31,2026-07-22,-41.28799270295028,2026-03-31,2026-07-22
M,-0.02006146912137782,2025-12-31,2026-07-22,-30.085192003082323,2026-03-31,2026-07-22
M-CHAI,-0.0155679354770156,2025-12-31,2026-07-22,19.4342688813419,2026-03-31,2026-07-22
MAJOR,-0.01740368806598092,2025-12-31,2026-07-22,126.10594151835457,2026-03-31,2026-07-22
MAGURO,0.44239475771513465,2025-12-31,2026-07-22,5.2652694749863596,2026-03-31,2026-07-22
MANRIN,-0.03554174949968434,2025-12-31,2026-07-22,-5.9758642947480265,2026-03-31,2026-07-22
MASTER,-0.11720886120426467,2025-12-31,2026-07-22,9.438157918332944,2026-03-31,2026-07-22
MADAME,-0.3039546689943674,2025-12-31,2026-07-22,-90.56068943123678,2026-03-31,2026-07-22
MALEE,-0.0718360150362548,2025-12-31,2026-07-22,-71.56227501799856,2026-03-31,2026-07-22
MATCH,-0.3851177574079915,2025-12-31,2026-07-22,50.71010860484545,2026-03-31,2026-07-22
MATI,-0.21376455957255844,2025-12-31,2026-07-22,64.21826458737043,2026-03-31,2026-07-22
MBAX,0.2337443809494085,2025-12-31,2026-07-22,86.63433340852696,2026-03-31,2026-07-22
MBK,0.07381192115664227,2025-12-31,2026-07-22,24.65053478494884,2026-03-31,2026-07-22
MCS,-0.07521120231088012,2025-12-31,2026-07-22,-55.744479867752986,2026-03-31,2026-07-22
MCA,0.24440598452870577,2025-12-31,2026-07-22,-1.1306765523632993,2026-03-31,2026-07-22
MDX,0.5079027052354858,2025-12-31,2026-07-22,-11.767007209132089,2026-03-31,2026-07-22
MCOT,-0.037397963611116004,2025-12-31,2026-07-22,24.681267997753643,2026-03-31,2026-07-22
MEB,-0.021953759146548568,2025-12-31,2026-07-22,-9.929845987916995,2026-03-31,2026-07-22
MC,0.02412636479570807,2025-06-30,2026-07-22,-6.461522137040082,2026-03-31,2026-07-22
MEDEZE,-0.10318518964815535,2025-12-31,2026-07-22,-53.952939915313294,2026-03-31,2026-07-22
META,,,,,,
MICRO,,,,,,
MEGA,-0.07799376908546692,2025-12-31,2026-07-22,34.38586507082581,2026-03-31,2026-07-22
MENA,-0.01424867552954078,2025-12-31,2026-07-22,-21.37979703875382,2026-03-31,2026-07-22
MFEC,0.02118060218120939,2025-12-31,2026-07-22,21.74295482457596,2026-03-31,2026-07-22
METCO,0.1174978888795778,2025-09-30,2026-07-22,13.37512506102011,2026-03-31,2026-07-22
MFC,0.14601918523089255,2025-12-31,2026-07-22,23.349194967733524,2026-03-31,2026-07-22
MGI,0.35733611742156846,2025-12-31,2026-07-22,-80.69979282449275,2026-03-31,2026-07-22
MGC,0.10686483854106703,2025-12-31,2026-07-22,486.394413916316,2026-03-31,2026-07-22
MIDA,-0.030263644617685277,2025-12-31,2026-07-22,-276.58873372038283,2026-03-31,2026-07-22
MGT,0.12691260059162193,2025-12-31,2026-07-22,14.634421119831762,2026-03-31,2026-07-22
MNIT2,,,,,,
MILL,,,,,,
MII,,2025-12-31,2026-07-22,3.621553000916849,2026-03-31,2026-07-22
MINT,-0.004547075673019921,2025-12-31,2026-07-22,55.633118635529485,2026-03-31,2026-07-22
MITSIB,-0.1757344014355681,2025-12-31,2026-07-22,44.0500338066261,2026-03-31,2026-07-22
MJD,-0.15987602464520212,2025-12-31,2026-07-22,35.7568233399934,2026-03-31,2026-07-22
ML,-0.10100562876395854,2025-12-31,2026-07-22,87.6625340187481,2026-03-31,2026-07-22
MK,-0.19105846072222038,2025-12-31,2026-07-22,-22.84559328590941,2026-03-31,2026-07-22
MODERN,-0.12640450277336063,2025-12-31,2026-07-22,-357.92407351611934,2026-03-31,2026-07-22
MONO,-0.19127445219013817,2025-12-31,2026-07-22,-184.03547671840354,2026-03-31,2026-07-22
MOONG,0.0994714381231176,2025-12-31,2026-07-22,39.502332814930014,2026-03-31,2026-07-22
MORE,-0.11738391115550467,2025-12-31,2026-07-22,46.45225464190981,2026-03-31,2026-07-22
MOSHI,0.17776808237275554,2025-12-31,2026-07-22,22.416094127093494,2026-03-31,2026-07-22
MVP,,,,,,
MOTHER,0.08768043475373483,2025-12-31,2026-07-22,27.712377293479477,2026-03-31,2026-07-22
MPJ,0.05549576778514224,2025-12-31,2026-07-22,-20.07902347028567,2026-03-31,2026-07-22
MSC,0.026281166451498462,2025-12-31,2026-07-22,-29.071270946831252,2026-03-31,2026-07-22
MST,-0.17150564705247864,2025-12-31,2026-07-22,33.43913495781856,2026-03-31,2026-07-22
MTC,0.08797219025428976,2025-12-31,2026-07-22,16.027023672762798,2026-03-31,2026-07-22
MTI,0.2566185832693535,2025-12-31,2026-07-22,43.09398061933653,2026-03-31,2026-07-22
MTW,0.02483187789590897,2025-12-31,2026-07-22,-721.1254568324266,2026-03-31,2026-07-22
MUD,-0.2224862149910003,2025-12-31,2026-07-22,-256.6187304768079,2026-03-31,2026-07-22
NAM,0.677856720659396,2025-12-31,2026-07-22,-80.05444248818426,2026-03-31,2026-07-22
NAT,-0.7566295149990967,2025-12-31,2026-07-22,100.24245915895116,2026-03-31,2026-07-22
NC,-0.016017552348724685,2025-12-31,2026-07-22,180.1890724310114,2026-03-31,2026-07-22
NATION,0.07848071213827179,2025-12-31,2026-07-22,55.6129749417594,2026-03-31,2026-07-22
NCAP,0.07086058761261939,2025-12-31,2026-07-22,33.485311894297695,2026-03-31,2026-07-22
NCH,-0.12322206568120359,2025-12-31,2026-07-22,-5.113386978785662,2026-03-31,2026-07-22
NCL,0.25426814133469305,2025-12-31,2026-07-22,35.772495755517824,2026-03-31,2026-07-22
NCP,0.04991083647584986,2025-12-31,2026-07-22,-28.80658436213992,2026-03-31,2026-07-22
NDR,0.020551487729401283,2025-12-31,2026-07-22,170.65537237066513,2026-03-31,2026-07-22
NEO,0.06718726986256561,2025-12-31,2026-07-22,-62.75600051541762,2026-03-31,2026-07-22
NEP,2.026220948993458,2025-12-31,2026-07-22,-57.43375174337517,2026-03-31,2026-07-22
NETBAY,0.2522739202708481,2025-12-31,2026-07-22,-52.4925196183594,2026-03-31,2026-07-22
NEW,-0.01668773173293076,2025-12-31,2026-07-22,30.46758959142354,2026-03-31,2026-07-22
NER,0.10172143731407539,2025-12-31,2026-07-22,9.959559035038987,2025-12-31,2026-07-22
NEX,-0.7873431960164456,2025-12-31,2026-07-22,31.887847809255952,2026-03-31,2026-07-22
NKT,0.00019989692223453776,2025-12-31,2026-07-22,-86.34442165343798,2026-03-31,2026-07-22
NKI,-0.19054901694889534,2025-12-31,2026-07-22,103.45692320425516,2026-03-31,2026-07-22
NNCL,0.02893167237607559,2025-12-31,2026-07-22,-33.02050671357245,2026-03-31,2026-07-22
NL,-0.10102035144621148,2025-12-31,2026-07-22,-189.22278802842854,2026-03-31,2026-07-22
NOBLE,-0.3697278561409997,2025-12-31,2026-07-22,-43.619436090658745,2026-03-31,2026-07-22
NOVA,11.041737761579423,2025-12-31,2026-07-22,-2918.80299551139,2026-03-31,2026-07-22
NPK,0.22851262150647458,2025-12-31,2026-07-22,-94.02480879084801,2026-03-31,2026-07-22
NRF,-0.21798107805901615,2025-12-31,2026-07-22,78.01835182543185,2026-03-31,2026-07-22
NSL,0.1854279982816814,2025-12-31,2026-07-22,-4.63052707547555,2026-03-31,2026-07-22
NTSC,0.08195836185585972,2025-12-31,2026-07-22,15.145722118020489,2026-03-31,2026-07-22
NTV,-0.0451395092273386,2025-12-31,2026-07-22,-42.37246064406558,2026-03-31,2026-07-22
NV,0.035946433751686574,2025-12-31,2026-07-22,148.76709258013898,2026-03-31,2026-07-22
NYT,0.061584071587671305,2025-12-31,2026-07-22,32.13159947428596,2026-03-31,2026-07-22
NUT,-0.11068647278566666,2025-12-31,2026-07-22,-31.150032157922148,2026-03-31,2026-07-22
OCC,-0.039053251804580205,2025-12-31,2026-07-22,-82.92459176808758,2026-03-31,2026-07-22
OGC,-0.04484038204387074,2025-12-31,2026-07-22,-38.47735908251124,2026-03-31,2026-07-22
OHTL,-0.06644707400766162,2025-12-31,2026-07-22,-0.4292882592697309,2026-03-31,2026-07-22
OKJ,0.12611316762826452,2025-12-31,2026-07-22,-147.71495650290615,2026-03-31,2026-07-22
NVD,0.12629981010161861,2025-12-31,2026-07-22,-122.10286953840235,2026-03-31,2026-07-22
OR,-0.09010881846736965,2025-12-31,2026-07-22,-44.8621714816812,2026-03-31,2026-07-22
ONEE,0.09308360210023839,2025-12-31,2026-07-22,328.2751880338248,2026-03-31,2026-07-22
ORN,0.5471730759171582,2025-12-31,2026-07-22,4.055350032329415,2026-03-31,2026-07-22
ORI,-0.2435523716813628,2025-12-31,2026-07-22,-7.293057260354977,2026-03-31,2026-07-22
OSP,-0.05572838039895491,2025-12-31,2026-07-22,-8.550386573592846,2026-03-31,2026-07-22
PACO,-0.059698589259100536,2025-12-31,2026-07-22,4.2944175059057565,2026-03-31,2026-07-22
PAF,-0.14420875960631355,2025-12-31,2026-07-22,8.784872381921478,2026-03-31,2026-07-22
PANEL,-0.011591711044367292,2025-12-31,2026-07-22,-78.41145678770359,2026-03-31,2026-07-22
PAP,-0.025872740295059645,2025-12-31,2026-07-22,144.1377320380879,2026-03-31,2026-07-22
PB,-0.05939066781913325,2025-12-31,2026-07-22,-13.3658945099865,2026-03-31,2026-07-22
PATO,-0.22888783794583484,2025-12-31,2026-07-22,-17.700991505040456,2026-03-31,2026-07-22
PCC,-0.26575508646308643,2025-12-31,2026-07-22,1.557125277365968,2026-03-31,2026-07-22
PCSGH,-0.07470826030601259,2025-12-31,2026-07-22,-33.698746547694924,2026-03-31,2026-07-22
PDG,0.0037732555664771604,2025-12-31,2026-07-22,-25.51225223718324,2026-03-31,2026-07-22
PCE,0.10378996632107973,2025-12-31,2026-07-22,-75.8499118609922,2026-03-31,2026-07-22
PDJ,-0.2680263839034418,2025-12-31,2026-07-22,36.64141238618197,2026-03-31,2026-07-22
PEACE,0.05995770019077103,2025-12-31,2026-07-22,99.38181818181818,2026-03-31,2026-07-22
PEER,-0.11672967957687079,2025-12-31,2026-07-22,208.31160157740746,2026-03-31,2026-07-22
PERM,-0.08668006491007947,2025-12-31,2026-07-22,36.127529312104116,2026-03-31,2026-07-22
PF,-0.46688157741272734,2025-12-31,2026-07-22,-86.67218104115632,2026-03-31,2026-07-22
PHG,0.10294575463544155,2025-12-31,2026-07-22,-43.310828025477704,2026-03-31,2026-07-22
PG,-0.2180187132325322,2025-12-31,2026-07-22,330.2015975656143,2026-03-31,2026-07-22
PIMO,-0.1284705569285458,2025-12-31,2026-07-22,47.709054210950214,2026-03-31,2026-07-22
PHOL,0.0020934562770954603,2025-12-31,2026-07-22,25.936225435669265,2026-03-31,2026-07-22
PIN,-0.6903661274243251,2025-12-31,2026-07-22,357.3803317087914,2026-03-31,2026-07-22
PIS,1.1299788083329012,2025-12-31,2026-07-22,7.801245840645935,2026-03-31,2026-07-22
PJW,0.014586549481471884,2025-12-31,2026-07-22,-44.340881261765084,2026-03-31,2026-07-22
PK,-0.08291595561408112,2025-12-31,2026-07-22,-205.74176710360402,2026-03-31,2026-07-22
PLANET,-0.2136468971518507,2025-12-31,2026-07-22,-60.156095633274056,2026-03-31,2026-07-22
PLANB,0.04276979176376982,2025-12-31,2026-07-22,7.582345088383642,2026-03-31,2026-07-22
PLAT,0.06006277570360907,2025-12-31,2026-07-22,0.9287198856535219,2026-03-31,2026-07-22
PL,-0.005770112381929816,2025-12-31,2026-07-22,15.09617387681411,2026-03-31,2026-07-22
PLE,-0.4669797248688396,2025-12-31,2026-07-22,-74.3171648042265,2026-03-31,2026-07-22
PLT,0.10826620755425259,2025-12-31,2026-07-22,-2.6755496320533343,2026-03-31,2026-07-22
PLUS,-0.0778667195896902,2025-12-31,2026-07-22,18.288892850196603,2026-03-31,2026-07-22
PM,0.20248479175791634,2025-12-31,2026-07-22,-43.66790029321878,2026-03-31,2026-07-22
PMC,-0.062053061275950956,2025-12-31,2026-07-22,21.040896929545163,2026-03-31,2026-07-22
PMTA,-0.040722254632393415,2025-12-31,2026-07-22,-47.04039433560299,2026-03-31,2026-07-22
PORT,-0.006160580973493867,2025-12-31,2026-07-22,289.4191667504416,2026-03-31,2026-07-22
POLY,0.1714084202049406,2025-12-31,2026-07-22,-5.416890874600824,2026-03-31,2026-07-22
PPM,-0.028251715037473524,2025-12-31,2026-07-22,28.037898776685054,2026-03-31,2026-07-22
PPP,-0.30216013147688653,2025-12-31,2026-07-22,-203.4086482275029,2026-03-31,2026-07-22
PPPM,-0.20101412113830247,2025-12-31,2026-07-22,-139.49590370689887,2026-03-31,2026-07-22
PQS,-0.27934029748991407,2025-12-31,2026-07-22,-61.54787357165984,2026-03-31,2026-07-22
PPS,-0.03593346122287315,2025-12-31,2026-07-22,14.71666962086983,2026-03-31,2026-07-22
PR9,0.13832442910906018,2025-12-31,2026-07-22,-7.952907136264997,2026-03-31,2026-07-22
PRAPAT,-0.0033998556115419514,2025-12-31,2026-07-22,55.98545454545455,2026-03-31,2026-07-22
PRAKIT,0.14779743243158294,2025-12-31,2026-07-22,-36.26848187273495,2026-03-31,2026-07-22
PREB,0.043781512268776496,2025-12-31,2026-07-22,125.17330636200474,2026-03-31,2026-07-22
PRECHA,0.11816765330380026,2025-12-31,2026-07-22,-92.51865490842135,2026-03-31,2026-07-22
PRI,0.1453169919301683,2025-12-31,2026-07-22,-19.222548757681004,2026-03-31,2026-07-22
PRG,0.1305444275457535,2025-12-31,2026-07-22,183.0240174672489,2026-03-31,2026-07-22
PRIME,-0.39824779811283434,2025-12-31,2026-07-22,1416.4732343679711,2026-03-31,2026-07-22
PRINC,0.0633113346378838,2025-12-31,2026-07-22,-13.977877642509279,2026-03-31,2026-07-22
PRIN,-0.17570719356360595,2025-12-31,2026-07-22,189.8682951926008,2026-03-31,2026-07-22
PRM,-0.005008441442688685,2025-12-31,2026-07-22,-14.909724751547948,2026-03-31,2026-07-22
PROEN,-0.1989340882492545,2025-12-31,2026-07-22,22.85517023246943,2026-03-31,2026-07-22
PRTR,0.03334500312212316,2025-12-31,2026-07-22,-1.9147303805752507,2026-03-31,2026-07-22
PROUD,1.8664803982409692,2025-12-31,2026-07-22,-15.797382077298428,2026-03-31,2026-07-22
PSGC,-0.2435921703196364,2025-12-31,2026-07-22,145.11360414726013,2026-03-31,2026-07-22
PROS,-0.44539137870093903,2025-12-31,2026-07-22,-67.47065101387406,2026-03-31,2026-07-22
PSH,-0.2853094892228364,2025-12-31,2026-07-22,325.988187187642,2026-03-31,2026-07-22
PSL,-0.12312819696205056,2025-12-31,2026-07-22,-56.61914598710359,2026-03-31,2026-07-22
PSTC,-0.023713899589978948,2025-12-31,2026-07-22,133.0559127326165,2026-03-31,2026-07-22
PSP,-0.04650160218900039,2025-12-31,2026-07-22,0.4461548152396025,2026-03-31,2026-07-22
PT,-0.13688297801020782,2025-12-31,2026-07-22,-4.739587645938561,2026-03-31,2026-07-22
PTC,-0.44160053672008676,2025-12-31,2026-07-22,-62.279628913636444,2026-03-31,2026-07-22
PTT,-0.13859068557263288,2025-12-31,2026-07-22,10.391418114611238,2026-03-31,2026-07-22
PTG,-0.0065171436448294194,2025-12-31,2026-07-22,-208.06545818095717,2026-03-31,2026-07-22
PTL,-0.08796693569522593,2026-03-31,2026-07-22,133.5725155142964,2026-03-31,2026-07-22
PTTEP,-0.09881671569305102,2025-12-31,2026-07-22,-35.32345744292216,2026-03-31,2026-07-22
PTTGC,-0.19877625202735316,2025-12-31,2026-07-22,225.88681686430635,2026-03-31,2026-07-22
Q-CON,-0.21592516965045938,2025-12-31,2026-07-22,-43.00658922627539,2026-03-31,2026-07-22
PYLON,0.8299562397704388,2025-12-31,2026-07-22,324.5443663950085,2026-03-31,2026-07-22
QDC,-0.8049018553630048,2025-12-31,2026-07-22,60.498491727353056,2026-03-31,2026-07-22
QH,-0.10305837122628106,2025-12-31,2026-07-22,15.248511864044199,2026-03-31,2026-07-22
QLT,-0.11800661840543962,2025-12-31,2026-07-22,133.03847509988566,2026-03-31,2026-07-22
RABBIT,0.12689707554867843,2025-12-31,2026-07-22,348.5013652266899,2026-03-31,2026-07-22
QTC,0.04560506256779223,2025-12-31,2026-07-22,-335.1985559566787,2026-03-31,2026-07-22
QTCG,-0.285774054296812,2025-12-31,2026-07-22,-281.7826935588809,2026-03-31,2026-07-22
RAM,0.49496233136438716,2025-12-31,2026-07-22,-28.779274948515592,2026-03-31,2026-07-22
RATCH,-0.18262940920489923,2025-12-31,2026-07-22,0.7047894691531622,2026-03-31,2026-07-22
RBF,-0.021413741131440327,2025-12-31,2026-07-22,34.25622126486891,2026-03-31,2026-07-22
RCL,0.05207574658983441,2025-12-31,2026-07-22,-18.803839491566187,2026-03-31,2026-07-22
READY,0.02871173560351265,2025-12-31,2026-07-22,-39.02477359252999,2026-03-31,2026-07-22
RICHY,-0.27627422713598737,2025-12-31,2026-07-22,-51.04560818633104,2026-03-31,2026-07-22
ROCK,0.12825513412482525,2025-12-31,2026-07-22,82.97288681401618,2026-03-31,2026-07-22
RJH,0.0009977649553593914,2025-12-31,2026-07-22,42.902220056100525,2026-03-31,2026-07-22
RML,-0.11676781240271046,2025-12-31,2026-07-22,-3.6445430109413492,2026-03-31,2026-07-22
ROJNA,-0.23749284114471314,2025-12-31,2026-07-22,642.1368918532812,2026-03-31,2026-07-22
ROCTEC,0.09565898239511687,2026-03-31,2026-07-22,3.5422649149090204,2026-03-31,2026-07-22
RP,0.12145248960351547,2025-12-31,2026-07-22,223.4084618426255,2026-03-31,2026-07-22
S&J,,,,,,
RPC,-0.06327545432736055,2025-12-31,2026-07-22,131.8671542947514,2026-03-31,2026-07-22
RS,-0.29981201784648365,2025-12-31,2026-07-22,-3.8473582638459023,2026-03-31,2026-07-22
RPH,0.03273163098714805,2025-12-31,2026-07-22,-32.58512153655286,2026-03-31,2026-07-22
RSP,-0.09859293341998673,2025-12-31,2026-07-22,2431.4424635332252,2026-03-31,2026-07-22
RT,-0.03708931912935098,2025-12-31,2026-07-22,100.9991477857122,2026-03-31,2026-07-22
S,-0.07332969716579342,2025-12-31,2026-07-22,1078.1611969111968,2026-03-31,2026-07-22
RWI,-0.17257790096172257,2025-12-31,2026-07-22,9.040911423553151,2026-03-31,2026-07-22
SAM,-0.1943443348779888,2025-12-31,2026-07-17,-650.6672249092246,2025-12-31,2026-07-17
S11,-0.08188210136242433,2025-12-31,2026-07-22,24.224965109188382,2026-03-31,2026-07-22
SA,-0.4992935555833292,2025-12-31,2026-07-22,-88.2892538173437,2026-03-31,2026-07-22
SAAM,0.0027533129515953797,2025-12-31,2026-07-22,22.417179520754225,2026-03-31,2026-07-22
SABINA,-0.06753100511785393,2025-12-31,2026-07-22,0.3371826296567107,2026-03-31,2026-07-22
SAFE,-0.1544464720031246,2025-12-31,2026-07-22,5.768485761897592,2026-03-31,2026-07-22
SAF,0.034411747117304436,2025-12-31,2026-07-22,-51.686546129133205,2026-03-31,2026-07-22
SAK,0.0692451497344626,2025-12-31,2026-07-22,1.6105000681067416,2026-03-31,2026-07-22
SAMART,0.0769968686612153,2025-12-31,2026-07-22,149.58688077019792,2026-03-31,2026-07-22
SALEE,0.11224850321911092,2025-12-31,2026-07-22,40.9668721109399,2026-03-31,2026-07-22
SANKO,-0.11428841627428268,2025-12-31,2026-07-22,60.173332466585784,2026-03-31,2026-07-22
SAMCO,-0.02032198915207205,2025-12-31,2026-07-22,2257.506536397413,2026-03-31,2026-07-22
SAMTEL,0.2873513109916886,2025-12-31,2026-07-22,-57.06576281456515,2026-03-31,2026-07-22
SAPPE,-0.22475088152686915,2025-12-31,2026-07-22,-18.2038563550244,2026-03-31,2026-07-22
SAT,-0.08079293132979457,2025-12-31,2026-07-22,12.009640693876257,2026-03-31,2026-07-22
SCB,,,,,,
SAUCE,-0.0037035439959800967,2025-12-31,2026-07-22,0.030996070651966582,2026-03-31,2026-07-22
SAV,0.17960478476583389,2025-12-31,2026-07-22,0.9825165693796453,2026-03-31,2026-07-22
SAWAD,-0.011431236106931923,2025-12-31,2026-07-22,21.998238308339673,2026-03-31,2026-07-22
SAWANG,-0.31219573721126687,2025-12-31,2026-07-22,14.998736212356162,2026-03-31,2026-07-22
SC,-0.0034080923143638493,2025-12-31,2026-07-22,7.228572192179886,2026-03-31,2026-07-22
SCAP,-0.07823723518439317,2025-12-31,2026-07-22,131.84761904761905,2026-03-31,2026-07-22
SCC,-0.027870861698013897,2025-12-31,2026-07-22,466.31699743731616,2026-03-31,2026-07-22
SCCC,0.23767296406655203,2025-12-31,2026-07-22,34.591169779102835,2026-03-31,2026-07-22
SCG,-0.13508724846867992,2025-12-31,2026-07-22,-29.112676750258657,2026-03-31,2026-07-22
SCGD,-0.11296379205905024,2025-12-31,2026-07-22,13.696531098270166,2026-03-31,2026-07-22
SCGP,-0.0633349938535748,2025-12-31,2026-07-22,2868.0593849416755,2026-03-31,2026-07-22
SCI,-0.08083149823606392,2025-12-31,2026-07-22,-2487.464343272085,2026-03-31,2026-07-22
SCL,0.07394891372139968,2025-12-31,2026-07-22,44.84355163916063,2026-03-31,2026-07-22
SCM,-0.23608680865982143,2025-12-31,2026-07-22,54.81435759175311,2026-03-31,2026-07-22
SCN,-0.1327321906928095,2025-12-31,2026-07-22,1066.2350597609561,2026-03-31,2026-07-22
SCP,0.026836347679751953,2025-12-31,2026-07-22,19.029996580194442,2026-03-31,2026-07-22
SDC,-0.1686240322113986,2025-12-31,2026-07-22,-217.88376363832774,2026-03-31,2026-07-22
SE,0.02981509389597229,2025-12-31,2026-07-22,2.346237125697086,2026-03-31,2026-07-22
SE-ED,-0.039239124506857515,2025-12-31,2026-07-22,53.86794626112425,2026-03-31,2026-07-22
SEAOIL,0.12987296639715018,2025-12-31,2026-07-22,18.984440960077194,2026-03-31,2026-07-22
SEAFCO,0.20979330201675797,2025-12-31,2026-07-22,269.01299204964124,2026-03-31,2026-07-22
SECURE,0.05240763538133736,2025-12-31,2026-07-22,18.690388975312896,2026-03-31,2026-07-22
SEI,0.012835701464871932,2025-12-31,2026-07-22,-64.97794953882196,2026-03-31,2026-07-22
SELIC,-0.0399851428539107,2025-12-31,2026-07-22,59.987954226059024,2026-03-31,2026-07-22
SENA,0.5474727161233265,2025-12-31,2026-07-22,-54.57034135468922,2026-03-31,2026-07-22
SENX,0.37188508342550874,2025-12-31,2026-07-22,197.04037014764964,2026-03-31,2026-07-22
SFLEX,0.050186300339594765,2025-12-31,2026-07-22,-5.347470500682819,2026-03-31,2026-07-22
SFT,0.07556802371620591,2025-12-31,2026-07-22,-33.40865903138,2026-03-31,2026-07-22
SGC,0.5238492723839785,2025-12-31,2026-07-22,298.0774444243629,2026-03-31,2026-07-22
SGF,-0.2491841611890714,2025-12-31,2026-07-22,97.16910650716062,2026-03-31,2026-07-22
SHANG,-0.08639761895920213,2025-12-31,2026-07-22,26.12738319452874,2026-03-31,2026-07-22
SGP,-0.12393069712810263,2025-12-31,2026-07-22,1123.7158574809698,2026-03-31,2026-07-22
SHR,-0.005110946455809246,2025-12-31,2026-07-22,50.65396709656839,2026-03-31,2026-07-22
SIAM,-0.2901532573717512,2025-12-31,2026-07-22,589.899586532782,2026-03-31,2026-07-22
SICT,0.04266890825834354,2025-12-31,2026-07-22,-27.14416192805162,2026-03-31,2026-07-22
SINGER,0.4644700305265186,2025-12-31,2026-07-22,15210.147991543341,2026-03-31,2026-07-22
SIMAT,0.08595381658893803,2025-12-31,2026-07-22,-78.73365165040481,2026-03-31,2026-07-22
SINO,-0.2347558414541248,2025-12-31,2026-07-22,-93.616298811545,2026-03-31,2026-07-22
SIRIPRT,,,,-1.8448615024722208,2026-03-31,2026-07-22
SIRI,-0.1215203303664625,2025-12-31,2026-07-22,6.186669025739698,2026-03-31,2026-07-22
SITHAI,-0.09281157887934377,2025-12-31,2026-07-22,69.45922350887018,2026-03-31,2026-07-22
SIS,0.04413377995506625,2025-12-31,2026-07-22,27.75334977272052,2026-03-31,2026-07-22
SISB,0.06827151729824028,2025-12-31,2026-07-22,-9.281932007923857,2026-03-31,2026-07-22
SK,0.010786191113618194,2025-12-31,2026-07-22,111.6500882585123,2026-03-31,2026-07-22
SJWD,0.026679229474431323,2025-12-31,2026-07-22,-24.362685284992804,2026-03-31,2026-07-22
SKN,-0.17884147361052316,2025-12-31,2026-07-22,-82.27341702303767,2026-03-31,2026-07-22
SKE,-0.013872077942251464,2025-12-31,2026-07-22,37.59831899366783,2026-03-31,2026-07-22
SKR,-0.0018633960413864223,2025-12-31,2026-07-22,-39.29507518658827,2026-03-31,2026-07-22
SKY,0.524031172771908,2025-12-31,2026-07-22,52.9981859189236,2026-03-31,2026-07-22
SLP,0.06936032483321157,2025-12-31,2026-07-22,-9.72048719550281,2026-03-31,2026-07-22
SMART,-0.2638976411258647,2025-12-31,2026-07-22,-17.1400323566421,2025-12-31,2026-07-22
SMD100,0.14750570584143416,2025-12-31,2026-07-22,-15.38229072227259,2026-03-31,2026-07-22
SMPC,-0.15441095983791753,2025-12-31,2026-07-22,25.983886988191152,2026-03-31,2026-07-22
SMT,-0.0312132153171057,2025-12-31,2026-07-22,-74.28937318484301,2026-03-31,2026-07-22
SMIT,-0.005933271664982582,2025-12-31,2026-07-22,-10.45219117433288,2026-03-31,2026-07-22
SNC,0.10105519900085215,2025-12-31,2026-07-22,-26.811968585707795,2026-03-31,2026-07-22
SNPS,0.21190125191575326,2025-12-31,2026-07-22,34.311687054284064,2026-03-31,2026-07-22
SNNP,-0.05441970574571176,2025-12-31,2026-07-22,-64.61445342158736,2026-03-31,2026-07-22
SNP,-0.08090236936027297,2025-12-31,2026-07-22,-8.34179758040126,2026-03-31,2026-07-22
SO,0.10557849371478062,2025-12-31,2026-07-22,3.716688734311769,2026-03-31,2026-07-22
SOLAR,0.6285829479111865,2025-12-31,2026-07-22,55.49721946839916,2026-03-31,2026-07-22
SONIC,-0.15136355766754386,2025-12-31,2026-07-22,3.712966101339183,2026-03-31,2026-07-22
SORKON,0.04688984006642161,2025-12-31,2026-07-22,-102.65243690467913,2026-03-31,2026-07-22
SPA,-0.003977430139150565,2025-12-31,2026-07-22,9.051791581912063,2026-03-31,2026-07-22
SPACK,-0.18859319990528534,2025-12-31,2026-07-22,24.35401091828615,2026-03-31,2026-07-22
SPALI,-0.22664626509624888,2025-12-31,2026-07-22,-0.6647792962381052,2026-03-31,2026-07-22
SPC,0.004374323062064708,2025-12-31,2026-07-22,-10.689876518939174,2026-03-31,2026-07-22
SPCG,-0.15794793759578718,2025-12-31,2026-07-22,-18.40589261949972,2026-03-31,2026-07-22
SPREME,0.8272313954455498,2025-12-31,2026-07-22,10.588613111896132,2026-03-31,2026-07-22
SPI,0.13851734402351412,2025-12-31,2026-07-22,-58.55009641111493,2026-03-31,2026-07-22
SPG,0.13058237150382562,2025-12-31,2026-07-22,22.275950323067885,2026-03-31,2026-07-22
SPRC,-0.09311410300536518,2025-12-31,2026-07-22,932.4739409431409,2026-03-31,2026-07-22
SPRIME,-0.08511867004326962,2025-12-31,2026-07-22,26.955644126652867,2026-03-31,2026-07-22
SPTX,1.9658610325928434,2025-12-31,2026-07-22,35.501849648811174,2026-03-31,2026-07-22
SPVI,0.22447323697934396,2025-12-31,2026-07-22,181.9883527454243,2026-03-31,2026-07-22
SR,-0.28146502782042,2025-12-31,2026-07-22,22.47834385552782,2026-03-31,2026-07-22
SRICHA,0.5034410293191576,2025-12-31,2026-07-22,473.56718953589245,2026-03-31,2026-07-22
SRS,0.035576205335464246,2025-12-31,2026-07-22,110.12607830126078,2026-03-31,2026-07-22
SQ,-0.2747454921388259,2025-12-31,2026-07-22,-2721.415368365461,2026-03-31,2026-07-22
SSF,0.00738526282741313,2025-12-31,2026-07-22,-46.00737472042556,2026-03-31,2026-07-22
SSP,-0.09207870953105918,2025-12-31,2026-07-22,10.885761415673649,2026-03-31,2026-07-22
SSSC,-0.057980342857645355,2025-12-31,2026-07-22,2.606602475928473,2026-03-31,2026-07-22
SST,-0.20683601865066942,2025-12-31,2026-07-22,-129.96172102281426,2026-03-31,2026-07-22
SSTRT,-0.0027322405833504035,2025-12-31,2026-07-22,1.5846654210781261,2026-03-31,2026-07-22
STA,-0.00783237018717517,2025-12-31,2026-07-22,-6.280820552508544,2026-03-31,2026-07-22
STANLY,-0.031665622582451536,2026-03-31,2026-07-22,1.2624892030762331,2026-03-31,2026-07-22
STECON,0.11558291958556428,2025-12-31,2026-07-22,2.7281138915079146,2026-03-31,2026-07-22
STC,-0.03473914668269703,2025-12-31,2026-07-22,223.16176470588235,2026-03-31,2026-07-22
STARM,-0.021574197038520943,2025-12-31,2026-07-22,29.748863166597765,2026-03-31,2026-07-22
STECH,0.047253497501874554,2025-12-31,2026-07-22,20.785103437457973,2025-12-31,2026-07-22
STELLA,-0.07143635995415432,2025-12-31,2026-07-22,33.48113889027709,2026-03-31,2026-07-22
STGT,-0.044469929406968804,2025-12-31,2026-07-22,-9.467111430487089,2026-03-31,2026-07-22
STI,-0.09575931296955469,2025-09-30,2026-07-22,223.50119904076737,2026-03-31,2026-07-22
STOWER,-0.45098782763658046,2025-12-31,2026-07-22,24.055799478361326,2026-03-31,2026-07-22
STP,0.1017674788717281,2025-12-31,2026-07-22,15.122051657477522,2026-03-31,2026-07-22
STX,-0.07833545178386388,2025-12-31,2026-07-22,-101.24346900500665,2026-03-31,2026-07-22
SUC,-0.1357084335794173,2025-12-31,2026-07-22,-13.465942385884432,2026-03-31,2026-07-22
SUTHA,-0.04160815939685137,2025-12-31,2026-07-22,27.939698492462313,2026-03-31,2026-07-22
SUN,0.022113493118937323,2025-12-31,2026-07-22,-76.33922741144539,2026-03-31,2026-07-22
SUSCO,-0.05155558419356927,2025-12-31,2026-07-22,2.6687164060253488,2026-03-31,2026-07-22
SVOA,-0.08879465040263507,2024-12-31,2026-07-22,81.07232227099314,2026-03-31,2026-07-22
STPI,0.35963419502747945,2025-12-31,2026-07-22,-80.31559261904953,2026-03-31,2026-07-22
SUPER,-0.13559645110790766,2025-12-31,2026-07-22,236.02958513793575,2026-03-31,2026-07-22
SVT,0.05009389458348204,2025-12-31,2026-07-22,29.331842094362287,2026-03-31,2026-07-22
SYMC,0.032028946943356666,2025-12-31,2026-07-22,-15.50995296405819,2026-03-31,2026-07-22
SVR,-0.4126823716092276,2025-12-31,2026-07-22,-248.9342037144187,2026-03-31,2026-07-22
SYNEX,0.13099741311883722,2025-12-31,2026-07-22,17.617962245705755,2026-03-31,2026-07-22
SYNTEC,-0.012746418621942706,2025-12-31,2026-07-22,1.1849143908939266,2026-03-31,2026-07-22
TAE,-0.13795014479318227,2025-12-31,2026-07-22,14991.469194312796,2026-03-31,2026-07-22
TACC,0.22797765581054105,2025-12-31,2026-07-22,36.38652472565064,2026-03-31,2026-07-22
SWC,0.030020680079200578,2025-12-31,2026-07-22,1.37714161787031,2026-03-31,2026-07-22
TAN,0.07330058940079182,2025-12-31,2026-07-22,3.156163256913745,2026-03-31,2026-07-22
TAKUNI,-0.42277328899602123,2025-12-31,2026-07-22,80.50198627663417,2026-03-31,2026-07-22
TASCO,-0.03581493633106764,2025-12-31,2026-07-22,3.3765690188259754,2026-03-31,2026-07-22
TBN,0.10732011306074317,2025-12-31,2026-07-22,-166.6485402104092,2026-03-31,2026-07-22
TBSP,-0.1792265966989243,2025-12-31,2026-07-22,101.35509453479685,2026-03-31,2026-07-22
TATG,-0.0241658575110611,2025-12-31,2026-07-22,34.803552611771785,2026-03-31,2026-07-22
TCAP,0.05489280469485638,2025-12-31,2026-07-22,24.19397104378995,2026-03-31,2026-07-22
TCC,-0.1910491474623559,2025-12-31,2026-07-22,-48.177185417483344,2026-03-31,2026-07-22
TC,-0.024889526712642343,2025-12-31,2026-07-22,4.996073025693632,2026-03-31,2026-07-22
TCJ,-0.08868842666989189,2025-12-31,2026-07-22,207.83605456949527,2026-03-31,2026-07-22
TCMC,-0.18811593224390616,2025-12-31,2026-07-22,-19.494512000536606,2026-03-31,2026-07-22
TCOAT,-0.028514636004207623,2025-12-31,2026-07-22,212.80707500818866,2026-03-31,2026-07-22
TEAM,-0.04239984913403274,2025-12-31,2026-07-22,39.65209538349066,2026-03-31,2026-07-22
TFG,0.11191912316993133,2025-12-31,2026-07-22,0.5140868134031811,2026-03-31,2026-07-22
TEAMG,0.3372247301532954,2025-12-31,2026-07-22,6.196986960374732,2026-03-31,2026-07-22
TEGH,0.18096972493329863,2025-12-31,2026-07-22,-54.0257525368807,2026-03-31,2026-07-22
TEKA,-0.12646297829964293,2025-12-31,2026-07-22,294.3661971830986,2026-03-31,2026-07-22
TERA,-0.10111357259539883,2025-12-31,2026-07-22,897.2176759410802,2026-03-31,2026-07-22
TFI,-0.318463811922658,2025-12-31,2026-07-22,-31.297865983110285,2026-03-31,2026-07-22
TFMAMA,-0.06608824721592682,2025-12-31,2026-07-22,-9.712293986273902,2026-03-31,2026-07-22
TFM,0.1248446878491378,2025-12-31,2026-07-22,-2.262776140164939,2026-03-31,2026-07-22
TGH,0.07542497134409945,2025-12-31,2026-07-22,165.57295838779038,2026-03-31,2026-07-22
TGPRO,-0.06440463681056417,2025-12-31,2026-07-22,10.519640890431532,2026-03-31,2026-07-22
TGE,0.22587732850675057,2025-12-31,2026-07-22,8.14797014023227,2026-03-31,2026-07-22
THAI,-0.02033071479004233,2025-12-31,2026-07-22,2.6544750989203747,2026-03-31,2026-07-22
TH,0.3376842710001981,2025-12-31,2026-07-22,-56.9706492861531,2026-03-31,2026-07-22
THANA,-0.13707876436567687,2025-12-31,2026-07-22,20.221001786541386,2026-03-31,2026-07-22
THANI,-0.1407933470369632,2025-12-31,2026-07-22,34.204507815334146,2026-03-31,2026-07-22
THCOM,0.02562712799611609,2025-12-31,2026-07-22,211.60087334035188,2026-03-31,2026-07-22
THE,-0.16761121443592522,2025-12-31,2026-07-22,415.23505513639003,2026-03-31,2026-07-22
THG,-0.0403231846046461,2025-12-31,2026-07-22,105.84493968843212,2026-03-31,2026-07-22
THIP,0.1295995973862651,2025-12-31,2026-07-22,-68.13335318437417,2026-03-31,2026-07-22
TIDLOR,0.057260103400775524,2025-12-31,2026-07-22,34.72397657401184,2026-03-31,2026-07-22
THMUI,0.25360733772441807,2025-12-31,2026-07-22,64.73906911142454,2026-03-31,2026-07-22
THREL,-0.34852644991799786,2025-12-31,2026-07-22,11.593700133339691,2026-03-31,2026-07-22
TIPH,-0.029785034413354245,2025-12-31,2026-07-22,23.7353877086069,2026-03-31,2026-07-22
THRE,0.30674784090248763,2025-12-31,2026-07-22,373.5536524609855,2026-03-31,2026-07-22
TITLE,1.3294890609133463,2025-12-31,2026-07-22,237.19881879220455,2026-03-31,2026-07-22
TIGER,-0.10434670904901373,2025-12-31,2026-07-22,256.08241706822236,2026-03-31,2026-07-22
TIPCO,-0.013282951332319283,2025-12-31,2026-07-22,-64.71009522940014,2025-12-31,2026-07-22
TISCO,0.017311593868528697,2025-12-31,2026-07-22,5.491493740332412,2026-03-31,2026-07-22
TK,-0.3395847044960567,2025-12-31,2026-07-22,-55.90858841916669,2026-03-31,2026-07-22
TKN,-0.07079700014153019,2025-12-31,2026-07-22,2.5674331757017312,2026-03-31,2026-07-22
TKC,-0.045440820543133004,2025-12-31,2026-07-22,12.725751206601277,2026-03-31,2026-07-22
TKT,-0.005410431595962782,2025-12-31,2026-07-22,-42.31910817525083,2026-03-31,2026-07-22
TL,426.0435566597211,2025-12-31,2026-07-22,156.25439256167562,2026-03-31,2026-07-22
TLI,0.024531682386328083,2025-12-31,2026-07-22,21.780658772922205,2026-03-31,2026-07-22
TM,-0.02760814351294745,2025-12-31,2026-07-22,20.684316457655985,2026-03-31,2026-07-22
TKS,-0.07219703462869922,2025-12-31,2026-07-22,100.82259282317565,2026-03-31,2026-07-22
TMC,0.04685347773716689,2025-12-31,2026-07-22,22.018348623853214,2026-03-31,2026-07-22
TMAN,0.13263142152558074,2025-12-31,2026-07-22,-5.970798129767862,2026-03-31,2026-07-22
TMD,-0.029122829900823592,2025-12-31,2026-07-22,-9.711573011712018,2026-03-31,2026-07-22
TMI,-0.029484903213087534,2025-12-31,2026-07-22,30.832754280387707,2026-03-31,2026-07-22
TMT,-0.08468643185819634,2025-12-31,2026-07-22,69.70865438520187,2026-03-31,2026-07-22
TNDT,0.2370059776536764,2025-12-31,2026-07-22,32.45893179668014,2026-03-31,2026-07-22
TMILL,-0.06686625495037332,2025-12-31,2026-07-22,160.8159316294445,2026-03-31,2026-07-22
TMW,0.07725872687596168,2026-03-31,2026-07-22,8.707700872607035,2026-03-31,2026-07-22
TNH,0.023767303118917213,2025-07-31,2026-07-22,-31.635122485788,2026-04-30,2026-07-22
TNITY,-0.27300871592719067,2025-12-31,2026-07-22,-42.909138177564024,2026-03-31,2026-07-22
TNL,0.037102385967344116,2025-12-31,2026-07-22,-9.383688049995644,2026-03-31,2026-07-22
TNP,0.07602228480764445,2025-12-31,2026-07-22,25.826469544491804,2025-12-31,2026-07-22
TOG,0.017791872653703626,2025-12-31,2026-07-22,4.4182950746374825,2026-03-31,2026-07-22
TNPC,-0.011567120771660088,2025-12-31,2026-07-22,66.41044637895907,2026-03-31,2026-07-22
TNR,-0.12267375291836756,2025-12-31,2026-07-22,31.107570824963638,2026-03-31,2026-07-22
TOP,-0.13495642281344059,2025-12-31,2026-07-22,456.04685015884075,2026-03-31,2026-07-22
TOA,0.021246572607575256,2025-12-31,2026-07-22,30.029777697145953,2026-03-31,2026-07-22
TOPP,-0.009865944516023278,2025-12-31,2026-07-22,-4.925196084850831,2025-12-31,2026-07-22
TPAC,-0.05440459303606461,2025-12-31,2026-07-22,16.995151334624104,2026-03-31,2026-07-22
TPA,-0.20505637199910254,2025-12-31,2026-07-22,175.52386796017905,2026-03-31,2026-07-22
TPBI,-0.1330233519757063,2025-12-31,2026-07-22,-13.624545877167307,2026-03-31,2026-07-22
TPCH,-0.053418949233781265,2025-12-31,2026-07-22,-183.96016325113132,2026-03-31,2026-07-22
TPIPL,-0.03192886184231401,2025-12-31,2026-07-22,15.09908245717857,2026-03-31,2026-07-22
TPLAS,-0.07434375612774162,2025-12-31,2026-07-22,255.43556515478764,2026-03-31,2026-07-22
TPCS,0.07449545328091792,2025-12-31,2026-07-22,6.184656162568105,2026-03-31,2026-07-22
TPIPP,-0.15644326618698742,2025-12-31,2026-07-22,-77.71272491845123,2026-03-31,2026-07-22
TPL,0.27745187020348633,2025-12-31,2026-07-22,-1380.8059577795761,2026-03-31,2026-07-22
TPOLY,0.02259216413933203,2025-12-31,2026-07-22,-70.20786371725157,2026-03-31,2026-07-22
TPP,0.10735543516763361,2025-12-31,2026-07-22,160.18278374706682,2026-03-31,2026-07-22
TPRIME,0.0065502736321992345,2025-12-31,2026-07-22,371.36509882028497,2026-03-31,2026-07-22
TPS,-0.014532823597375035,2025-12-31,2026-07-22,-24.845793339297998,2026-03-31,2026-07-22
TQM,-0.01686071650243491,2025-12-31,2026-07-22,-18.65867759907495,2026-03-31,2026-07-22
TQR,0.05232301831492262,2025-12-31,2026-07-22,8.97168990599192,2026-03-31,2026-07-22
TRP,-0.11609401631691409,2025-12-31,2026-07-22,-7.145531127134716,2025-12-31,2026-07-22
TRC,-0.22468117227453718,2025-12-31,2026-07-22,-97.09855868738946,2026-03-31,2026-07-22
TRT,-0.28395693266159133,2025-12-31,2026-07-22,249.62992091212078,2026-03-31,2026-07-22
TRUBB,-0.17077814224851476,2025-12-31,2026-07-22,-238.31987319797722,2026-03-31,2026-07-22
TRITN,-0.053169097262236,2025-12-31,2026-07-22,-50.89702226922977,2026-03-31,2026-07-22
TRU,-0.19657638170190617,2025-12-31,2026-07-22,-31.661433256576654,2026-03-31,2026-07-22
TRUE,-0.050245962418411255,2025-12-31,2026-07-22,187.75851835907906,2026-03-31,2026-07-22
TRV,-0.5352201138212956,2025-12-31,2026-07-22,-199.97321906802355,2026-03-31,2026-07-22
TSC,-0.061796973936558364,2025-09-30,2026-07-22,5.982350209010683,2026-03-31,2026-07-22
TSI,0.03787331351130971,2025-12-31,2026-07-22,-1063.6367956196402,2026-03-31,2026-07-22
TSE,0.056653661587467805,2025-12-31,2026-07-22,-15.473778447910286,2026-03-31,2026-07-22
TTB,-0.06030283232814408,2025-12-31,2026-07-22,1.4477592580709666,2026-03-31,2026-07-22
TSTE,0.0003148134843398,2025-12-31,2026-07-17,22.88641556718508,2026-03-31,2026-07-17
TTA,-0.0713186169224618,2025-12-31,2026-07-22,-76.44474115860885,2026-03-31,2026-07-22
TSTH,0.056360308902404406,2026-03-31,2026-07-22,167.1074442579374,2026-06-30,2026-07-22
TTI,-0.10161142234625484,2025-12-31,2026-07-22,-146.9811437201558,2026-03-31,2026-07-22
TTT,-0.15298616975202894,2026-03-31,2026-07-22,27.979974038042858,2026-03-31,2026-07-22
TURTLE,,,,,,
TTW,0.02756447790424372,2025-12-31,2026-07-22,0.6361749346477559,2026-03-31,2026-07-22
TU,-0.04127973506675165,2025-12-31,2026-07-22,-8.22093192930851,2026-03-31,2026-07-22
TU-PF,0.009008007570463017,2025-12-31,2026-07-22,1.0135905331815331,2026-03-31,2026-07-22
TVH,0.028434172029943524,2025-12-31,2026-07-22,159.93500045138575,2026-03-31,2026-07-22
TVDH,-0.32630082029370233,2025-12-31,2026-07-22,202.30013224097593,2026-03-31,2026-07-22
TVO,-0.09160995375657828,2025-12-31,2026-07-22,32.853274364476256,2026-03-31,2026-07-22
TVT,-0.3319392089282283,2025-12-31,2026-07-22,26.082093725534055,2026-03-31,2026-07-22
TWP,-0.10925061320008729,2025-12-31,2026-07-22,67.02052195768455,2026-03-31,2026-07-22
TWPC,-0.08279797892925568,2025-12-31,2026-07-22,71.35020500494839,2026-03-31,2026-07-22
TWZ,0.3956366303224406,2025-12-31,2026-07-22,-3345.6878850102667,2026-03-31,2026-07-22
UAC,-0.23570059285337788,2025-12-31,2026-07-22,-35.97107390433201,2026-03-31,2026-07-22
TYCN,0.35406999946037576,2025-12-31,2026-07-22,-130.06132392473117,2026-03-31,2026-07-22
UBA,-0.23798178409857615,2025-12-31,2026-07-22,95.21134712384102,2026-03-31,2026-07-22
UBE,-0.19686062915372768,2025-12-31,2026-07-22,-141.0308342354297,2026-03-31,2026-07-22
UBIS,-0.09760138928063801,2025-12-31,2026-07-22,512.6442953020133,2026-03-31,2026-07-22
UMS,-0.3068548148972168,2025-12-31,2026-07-22,-526.6460183118128,2026-03-31,2026-07-22
UEC,-0.2026688422655316,2025-12-31,2026-07-22,-272.6972849530576,2026-03-31,2026-07-22
UMI,-0.045032797373617935,2025-12-31,2026-07-22,2475.863804092586,2026-03-31,2026-07-22
UKEM,-0.1781632501392884,2025-12-31,2026-07-22,557.8412614633503,2026-03-31,2026-07-22
UNIQ,0.0546679036669504,2025-12-31,2026-07-22,-7.52829692024217,2026-03-31,2026-07-22
UP,-0.02999685350542262,2025-12-31,2026-07-22,2.1897487969626064,2026-03-31,2026-07-22
UPF,-0.0906644953766912,2025-12-31,2026-07-22,168.3321087435709,2026-03-31,2026-07-22
UPOIC,0.08610885205436705,2025-12-31,2026-07-22,120.19445686186859,2026-03-31,2026-07-22
UTP,-0.05286344383390138,2025-12-31,2026-07-22,27.029084193236102,2026-03-31,2026-07-22
UREKA,-0.21040383285894876,2025-12-31,2026-07-22,5667.816091954023,2026-03-31,2026-07-22
VARO,-0.06721432967349064,2025-12-31,2026-07-22,-5.28854989891564,2026-03-31,2026-07-22
UVAN,0.2126826654794899,2025-12-31,2026-07-22,84.63993037928785,2026-03-31,2026-07-22
VGI,-0.11613574906247397,2026-03-31,2026-07-22,-2511.8545825500414,2026-03-31,2026-07-22
UV,-0.09362762035466879,2025-09-30,2026-07-22,77.64760379070081,2026-03-31,2026-07-22
VCOM,0.24535848452500836,2025-12-31,2026-07-22,7.631222740261694,2026-03-31,2026-07-22
VIBHA,-0.032871737440047524,2025-12-31,2026-07-22,426.1863526151714,2026-03-31,2026-07-22
VIBE,1.7893276186945077,2025-12-31,2026-07-22,178.17950318260296,2026-03-31,2026-07-22
VIH,0.08953443137683914,2025-12-31,2026-07-22,0.5700606576998762,2026-03-31,2026-07-22
VL,-0.031276862248689384,2025-12-31,2026-07-22,293.8563920841568,2026-03-31,2026-07-22
VRANDA,0.033451383983707214,2025-12-31,2026-07-22,80.16656169081111,2026-03-31,2026-07-22
WARRIX,0.0952499262486415,2025-12-31,2026-07-22,-2560.4530744336566,2026-03-31,2026-07-22
VNG,-0.1654298356115982,2025-12-31,2026-07-22,-645.4505795836969,2026-03-31,2026-07-22
VS,0.0017008606552844458,2025-12-31,2026-07-22,75.3843056845415,2026-03-31,2026-07-22
VPO,0.33377668139877814,2025-12-31,2026-07-22,-1.8486274666596243,2026-03-31,2026-07-22
WACOAL,-0.152036170517295,2025-12-31,2026-07-22,94.80749746707193,2026-03-31,2026-07-22
WFX,-0.3004720392281565,2025-12-31,2026-07-22,338.7826416378929,2026-03-31,2026-07-22
WAVE,-0.1369910111393027,2025-12-31,2026-07-22,-380.9044786346855,2026-03-31,2026-07-22
WGE,0.11618260820689885,2025-12-31,2026-07-22,-31.600723520605406,2026-03-31,2026-07-22
WHAUP,0.09186498823033976,2025-12-31,2026-07-22,35.44605844718713,2026-03-31,2026-07-22
WHA,0.3467288283446445,2025-12-31,2026-07-22,-27.32737643540833,2026-03-31,2026-07-22
WHART,-0.003246388101270407,2025-12-31,2026-07-22,1.3513203085472734,2026-03-31,2026-07-22
WHABT,-0.1768794442233383,2026-03-31,2026-07-22,-54.42036504251622,2026-03-31,2026-07-22
WIIK,0.03337337043430221,2025-12-31,2026-07-22,85.76388888888889,2026-03-31,2026-07-22
WHAIR,0.1132042986233062,2025-12-31,2026-07-22,-27.342676367248604,2026-03-31,2026-07-22
WICE,0.13588459903595923,2025-12-31,2026-07-22,-65.60991195683044,2026-03-31,2026-07-22
WINDOW,-0.06664738146966792,2025-12-31,2026-07-22,-13.166014013004027,2026-03-31,2026-07-22
WIN,1.298503004381778,2025-12-31,2026-07-22,-124.30268272076503,2026-03-31,2026-07-22
WINMED,-0.011189626133641151,2025-12-31,2026-07-22,-47.394237409198155,2026-03-31,2026-07-22
WPH,0.14649774384609474,2025-12-31,2026-07-22,4.326053225634792,2026-03-31,2026-07-22
WORK,-0.11219481278959714,2025-12-31,2026-07-22,-65.38621090185016,2026-03-31,2026-07-22
WP,-0.07976941013149842,2025-12-31,2026-07-22,14.753106957491417,2026-03-31,2026-07-22
WINNER,0.08694040770234876,2025-12-31,2026-07-22,-6.001895959236876,2026-03-31,2026-07-22
XO,-0.13184790452106718,2025-12-31,2026-07-22,13.713589016406477,2026-03-31,2026-07-22
XBIO,-0.5938706483710823,2025-12-31,2026-07-22,-437.4294079063145,2026-03-31,2026-07-22
XYZ,-0.3131227864339974,2025-12-31,2026-07-22,-2.729577209765519,2026-03-31,2026-07-22
YONG,-0.017516240968915377,2025-12-31,2026-07-22,-54.499381953028426,2026-03-31,2026-07-22
YGG,-0.5826655735572891,2025-12-31,2026-07-22,-272.11112801144765,2026-03-31,2026-07-22
XPG,0.2199921353654876,2025-12-31,2026-07-22,-19.876220543532945,2026-03-31,2026-07-22
YUASA,-0.007115348374778465,2025-12-31,2026-07-22,7.4049778194625455,2026-03-31,2026-07-22
ZEN,-0.02899778998404834,2025-12-31,2026-07-22,22.763972720859137,2026-03-31,2026-07-22
ZIGA,-0.05248636960308704,2025-12-31,2026-07-22,-52.05349363613364,2026-03-31,2026-07-22
ZAA,-0.0494962624447438,2025-12-31,2026-07-22,16.2140298162487,2026-03-31,2026-07-22
ASN,-0.0325937694981045,2025-12-31,2026-07-22,2183.9506172839506,2026-03-31,2026-07-22
DTCI,-0.12705983600509632,2025-12-31,2026-07-22,15.262141348372793,2026-03-31,2026-07-22
SKIN,-0.22868753652262447,2025-12-31,2026-07-22,-189.3514663950898,2026-03-31,2026-07-22
